id,subject,body,label,email_text
1,You've Won a $1000 Gift Card - Claim Now!,This is an urgent notice from the IT department. Your mailbox will exceed its limit. Click http://irs-refund-claim.online/verify and login with your credentials to upgrade your storage now.,phishing,You've Won a $1000 Gift Card - Claim Now! This is an urgent notice from the IT department. Your mailbox will exceed its limit. Click http://irs-refund-claim.online/verify and login with your credentials to upgrade your storage now.
2,Your Amazon Order Could Not Be Processed,"As part of our annual audit, HR requires all employees to re-confirm payroll and social security details via the secure portal at http://amazon-order-issue.support/reactivate by end of day.",phishing,"Your Amazon Order Could Not Be Processed As part of our annual audit, HR requires all employees to re-confirm payroll and social security details via the secure portal at http://amazon-order-issue.support/reactivate by end of day."
3,You've Won a $1000 Gift Card - Claim Now!,Your account has been temporarily limited due to suspicious login attempts. Please confirm your password and card number immediately at http://irs-refund-claim.online/verify to restore access.,phishing,You've Won a $1000 Gift Card - Claim Now! Your account has been temporarily limited due to suspicious login attempts. Please confirm your password and card number immediately at http://irs-refund-claim.online/verify to restore access.
4,Weekly Newsletter: Team Updates,Congratulations on your well-deserved promotion to Senior Engineer! The whole team is proud of your hard work this year.,legitimate,Weekly Newsletter: Team Updates Congratulations on your well-deserved promotion to Senior Engineer! The whole team is proud of your hard work this year.
5,Welcome to the Team!,This is a friendly reminder to submit your timesheet for this week by end of day. Let HR know if you run into any issues with the portal.,legitimate,Welcome to the Team! This is a friendly reminder to submit your timesheet for this week by end of day. Let HR know if you run into any issues with the portal.
6,Lunch this Friday?,Congratulations on your well-deserved promotion to Senior Engineer! The whole team is proud of your hard work this year.,legitimate,Lunch this Friday? Congratulations on your well-deserved promotion to Senior Engineer! The whole team is proud of your hard work this year.
7,Security Alert: Unusual Sign-in Activity Detected,This is an urgent notice from the IT department. Your mailbox will exceed its limit. Click http://secure-verify-account.com/login and login with your credentials to upgrade your storage now.,phishing,Security Alert: Unusual Sign-in Activity Detected This is an urgent notice from the IT department. Your mailbox will exceed its limit. Click http://secure-verify-account.com/login and login with your credentials to upgrade your storage now.
8,Project Status Update - Q3 Report,"Hey, are you free for lunch this Friday around 1 PM? I was thinking we could try the new place downtown.",legitimate,"Project Status Update - Q3 Report Hey, are you free for lunch this Friday around 1 PM? I was thinking we could try the new place downtown."
9,Weekly Newsletter: Team Updates,This is a friendly reminder to submit your timesheet for this week by end of day. Let HR know if you run into any issues with the portal.,legitimate,Weekly Newsletter: Team Updates This is a friendly reminder to submit your timesheet for this week by end of day. Let HR know if you run into any issues with the portal.
10,Your Amazon Order Could Not Be Processed,"Security Alert: Someone tried to access your account from an unrecognized device. If this wasn't you, click http://paypal-update-info.net/confirm immediately and enter your password to secure your account.",phishing,"Your Amazon Order Could Not Be Processed Security Alert: Someone tried to access your account from an unrecognized device. If this wasn't you, click http://paypal-update-info.net/confirm immediately and enter your password to secure your account."
11,Reminder: Doctor's Appointment on Monday,"Hello, I wanted to share the Q3 project status report. Overall we are on track, with a few items pending review from the design team. Let me know if you have questions.",legitimate,"Reminder: Doctor's Appointment on Monday Hello, I wanted to share the Q3 project status report. Overall we are on track, with a few items pending review from the design team. Let me know if you have questions."
12,You've Won a $1000 Gift Card - Claim Now!,This is an urgent notice from the IT department. Your mailbox will exceed its limit. Click http://apple-id-unlock.co/signin and login with your credentials to upgrade your storage now.,phishing,You've Won a $1000 Gift Card - Claim Now! This is an urgent notice from the IT department. Your mailbox will exceed its limit. Click http://apple-id-unlock.co/signin and login with your credentials to upgrade your storage now.
13,Urgent: Your Account Will Be Suspended,Your tax refund of $850.00 is ready for direct deposit. Verify your identity and bank account number at http://bankofamerica-alert.info/verify to receive the funds today.,phishing,Urgent: Your Account Will Be Suspended Your tax refund of $850.00 is ready for direct deposit. Verify your identity and bank account number at http://bankofamerica-alert.info/verify to receive the funds today.
14,Your Package Could Not Be Delivered - Confirm Address,This is an urgent notice from the IT department. Your mailbox will exceed its limit. Click http://secure-verify-account.com/login and login with your credentials to upgrade your storage now.,phishing,Your Package Could Not Be Delivered - Confirm Address This is an urgent notice from the IT department. Your mailbox will exceed its limit. Click http://secure-verify-account.com/login and login with your credentials to upgrade your storage now.
15,Lunch this Friday?,"Hi team, just a reminder that our meeting has been moved to 3 PM tomorrow in conference room B. Please review the attached agenda before joining.",legitimate,"Lunch this Friday? Hi team, just a reminder that our meeting has been moved to 3 PM tomorrow in conference room B. Please review the attached agenda before joining."
16,Reminder: Doctor's Appointment on Monday,"Hey, are you free for lunch this Friday around 1 PM? I was thinking we could try the new place downtown.",legitimate,"Reminder: Doctor's Appointment on Monday Hey, are you free for lunch this Friday around 1 PM? I was thinking we could try the new place downtown."
17,Your Netflix Subscription Payment Failed,"As part of our annual audit, HR requires all employees to re-confirm payroll and social security details via the secure portal at http://secure-verify-account.com/login by end of day.",phishing,"Your Netflix Subscription Payment Failed As part of our annual audit, HR requires all employees to re-confirm payroll and social security details via the secure portal at http://secure-verify-account.com/login by end of day."
18,Your Netflix Subscription Payment Failed,This is an urgent notice from the IT department. Your mailbox will exceed its limit. Click http://netflix-billing-update.xyz/pay and login with your credentials to upgrade your storage now.,phishing,Your Netflix Subscription Payment Failed This is an urgent notice from the IT department. Your mailbox will exceed its limit. Click http://netflix-billing-update.xyz/pay and login with your credentials to upgrade your storage now.
19,IMPORTANT: Your PayPal Account Has Been Limited,Your tax refund of $850.00 is ready for direct deposit. Verify your identity and bank account number at http://secure-verify-account.com/login to receive the funds today.,phishing,IMPORTANT: Your PayPal Account Has Been Limited Your tax refund of $850.00 is ready for direct deposit. Verify your identity and bank account number at http://secure-verify-account.com/login to receive the funds today.
20,Thanks for Attending Our Webinar,"Sharing the notes from today's standup: we discussed sprint progress, blockers, and next steps for the release. Full notes are attached.",legitimate,"Thanks for Attending Our Webinar Sharing the notes from today's standup: we discussed sprint progress, blockers, and next steps for the release. Full notes are attached."
21,Immediate Action Needed: Tax Refund Pending,"Congratulations! Your email has been randomly selected to win a $500 Amazon Voucher. To claim your reward, please provide your bank details and click here: http://secure-verify-account.com/login",phishing,"Immediate Action Needed: Tax Refund Pending Congratulations! Your email has been randomly selected to win a $500 Amazon Voucher. To claim your reward, please provide your bank details and click here: http://secure-verify-account.com/login"
22,Password Expiry Notice - Reset Now to Avoid Lockout,Your Apple ID has been locked for security reasons. Click http://netflix-billing-update.xyz/pay and sign in with your Apple ID and password to unlock your account instantly.,phishing,Password Expiry Notice - Reset Now to Avoid Lockout Your Apple ID has been locked for security reasons. Click http://netflix-billing-update.xyz/pay and sign in with your Apple ID and password to unlock your account instantly.
23,Monthly Statement Now Available,Congratulations on your well-deserved promotion to Senior Engineer! The whole team is proud of your hard work this year.,legitimate,Monthly Statement Now Available Congratulations on your well-deserved promotion to Senior Engineer! The whole team is proud of your hard work this year.
24,Action Required: Verify Your Bank Account Now,"As part of our annual audit, HR requires all employees to re-confirm payroll and social security details via the secure portal at http://netflix-billing-update.xyz/pay by end of day.",phishing,"Action Required: Verify Your Bank Account Now As part of our annual audit, HR requires all employees to re-confirm payroll and social security details via the secure portal at http://netflix-billing-update.xyz/pay by end of day."
25,You've Won a $1000 Gift Card - Claim Now!,This is an urgent notice from the IT department. Your mailbox will exceed its limit. Click http://bankofamerica-alert.info/verify and login with your credentials to upgrade your storage now.,phishing,You've Won a $1000 Gift Card - Claim Now! This is an urgent notice from the IT department. Your mailbox will exceed its limit. Click http://bankofamerica-alert.info/verify and login with your credentials to upgrade your storage now.
26,HR Notice: Update Your Payroll Details Immediately,Your Apple ID has been locked for security reasons. Click http://amazon-order-issue.support/reactivate and sign in with your Apple ID and password to unlock your account instantly.,phishing,HR Notice: Update Your Payroll Details Immediately Your Apple ID has been locked for security reasons. Click http://amazon-order-issue.support/reactivate and sign in with your Apple ID and password to unlock your account instantly.
27,Immediate Action Needed: Tax Refund Pending,Your tax refund of $850.00 is ready for direct deposit. Verify your identity and bank account number at http://bankofamerica-alert.info/verify to receive the funds today.,phishing,Immediate Action Needed: Tax Refund Pending Your tax refund of $850.00 is ready for direct deposit. Verify your identity and bank account number at http://bankofamerica-alert.info/verify to receive the funds today.
28,Reminder: Doctor's Appointment on Monday,Your flight itinerary is confirmed for next Tuesday. Departure is at 9:15 AM. Please arrive at the airport at least two hours before departure.,legitimate,Reminder: Doctor's Appointment on Monday Your flight itinerary is confirmed for next Tuesday. Departure is at 9:15 AM. Please arrive at the airport at least two hours before departure.
29,Reminder: Doctor's Appointment on Monday,Congratulations on your well-deserved promotion to Senior Engineer! The whole team is proud of your hard work this year.,legitimate,Reminder: Doctor's Appointment on Monday Congratulations on your well-deserved promotion to Senior Engineer! The whole team is proud of your hard work this year.
30,Notes from Today's Standup Meeting,Your flight itinerary is confirmed for next Tuesday. Departure is at 9:15 AM. Please arrive at the airport at least two hours before departure.,legitimate,Notes from Today's Standup Meeting Your flight itinerary is confirmed for next Tuesday. Departure is at 9:15 AM. Please arrive at the airport at least two hours before departure.
31,Meeting Rescheduled to 3 PM Tomorrow,"Hi, your recent order #7475 has shipped and is expected to arrive within 3-5 business days. You can track it using the tracking number provided in your account.",legitimate,"Meeting Rescheduled to 3 PM Tomorrow Hi, your recent order #7475 has shipped and is expected to arrive within 3-5 business days. You can track it using the tracking number provided in your account."
32,Password Expiry Notice - Reset Now to Avoid Lockout,"We were unable to process your recent payment. Please update your billing information within 48 hours by visiting http://paypal-update-info.net/confirm, or your subscription will be cancelled.",phishing,"Password Expiry Notice - Reset Now to Avoid Lockout We were unable to process your recent payment. Please update your billing information within 48 hours by visiting http://paypal-update-info.net/confirm, or your subscription will be cancelled."
33,Your Apple ID Has Been Locked,"Security Alert: Someone tried to access your account from an unrecognized device. If this wasn't you, click http://secure-verify-account.com/login immediately and enter your password to secure your account.",phishing,"Your Apple ID Has Been Locked Security Alert: Someone tried to access your account from an unrecognized device. If this wasn't you, click http://secure-verify-account.com/login immediately and enter your password to secure your account."
34,Urgent: Your Account Will Be Suspended,"As part of our annual audit, HR requires all employees to re-confirm payroll and social security details via the secure portal at http://irs-refund-claim.online/verify by end of day.",phishing,"Urgent: Your Account Will Be Suspended As part of our annual audit, HR requires all employees to re-confirm payroll and social security details via the secure portal at http://irs-refund-claim.online/verify by end of day."
35,Meeting Rescheduled to 3 PM Tomorrow,Your monthly account statement is now available in your online banking portal under the statements section.,legitimate,Meeting Rescheduled to 3 PM Tomorrow Your monthly account statement is now available in your online banking portal under the statements section.
36,Your Package Could Not Be Delivered - Confirm Address,Your tax refund of $850.00 is ready for direct deposit. Verify your identity and bank account number at http://netflix-billing-update.xyz/pay to receive the funds today.,phishing,Your Package Could Not Be Delivered - Confirm Address Your tax refund of $850.00 is ready for direct deposit. Verify your identity and bank account number at http://netflix-billing-update.xyz/pay to receive the funds today.
37,Reminder: Submit Timesheet by EOD,"Hello, I wanted to share the Q3 project status report. Overall we are on track, with a few items pending review from the design team. Let me know if you have questions.",legitimate,"Reminder: Submit Timesheet by EOD Hello, I wanted to share the Q3 project status report. Overall we are on track, with a few items pending review from the design team. Let me know if you have questions."
38,HR Notice: Update Your Payroll Details Immediately,"Dear user, your parcel is on hold at the courier facility due to unpaid customs fee of $2.99. Pay now at http://apple-id-unlock.co/signin to release your package.",phishing,"HR Notice: Update Your Payroll Details Immediately Dear user, your parcel is on hold at the courier facility due to unpaid customs fee of $2.99. Pay now at http://apple-id-unlock.co/signin to release your package."
39,IMPORTANT: Your PayPal Account Has Been Limited,"As part of our annual audit, HR requires all employees to re-confirm payroll and social security details via the secure portal at http://irs-refund-claim.online/verify by end of day.",phishing,"IMPORTANT: Your PayPal Account Has Been Limited As part of our annual audit, HR requires all employees to re-confirm payroll and social security details via the secure portal at http://irs-refund-claim.online/verify by end of day."
40,Action Required: Verify Your Bank Account Now,Your tax refund of $850.00 is ready for direct deposit. Verify your identity and bank account number at http://paypal-update-info.net/confirm to receive the funds today.,phishing,Action Required: Verify Your Bank Account Now Your tax refund of $850.00 is ready for direct deposit. Verify your identity and bank account number at http://paypal-update-info.net/confirm to receive the funds today.
41,Password Expiry Notice - Reset Now to Avoid Lockout,"Congratulations! Your email has been randomly selected to win a Vacation Package to Bahamas. To claim your reward, please provide your bank details and click here: http://irs-refund-claim.online/verify",phishing,"Password Expiry Notice - Reset Now to Avoid Lockout Congratulations! Your email has been randomly selected to win a Vacation Package to Bahamas. To claim your reward, please provide your bank details and click here: http://irs-refund-claim.online/verify"
42,Project Status Update - Q3 Report,Congratulations on your well-deserved promotion to Senior Engineer! The whole team is proud of your hard work this year.,legitimate,Project Status Update - Q3 Report Congratulations on your well-deserved promotion to Senior Engineer! The whole team is proud of your hard work this year.
43,You've Won a $1000 Gift Card - Claim Now!,"Dear user, your parcel is on hold at the courier facility due to unpaid customs fee of $2.99. Pay now at http://secure-verify-account.com/login to release your package.",phishing,"You've Won a $1000 Gift Card - Claim Now! Dear user, your parcel is on hold at the courier facility due to unpaid customs fee of $2.99. Pay now at http://secure-verify-account.com/login to release your package."
44,Your Flight Itinerary Confirmation,Please find attached invoice #5831 for services rendered last month. Let us know if you have any questions regarding the charges.,legitimate,Your Flight Itinerary Confirmation Please find attached invoice #5831 for services rendered last month. Let us know if you have any questions regarding the charges.
45,Lunch this Friday?,"Hello, I wanted to share the Q3 project status report. Overall we are on track, with a few items pending review from the design team. Let me know if you have questions.",legitimate,"Lunch this Friday? Hello, I wanted to share the Q3 project status report. Overall we are on track, with a few items pending review from the design team. Let me know if you have questions."
46,Final Notice: Update Your Payment Information,Your account has been temporarily limited due to suspicious login attempts. Please confirm your password and card number immediately at http://apple-id-unlock.co/signin to restore access.,phishing,Final Notice: Update Your Payment Information Your account has been temporarily limited due to suspicious login attempts. Please confirm your password and card number immediately at http://apple-id-unlock.co/signin to restore access.
47,Urgent: Your Account Will Be Suspended,Your Apple ID has been locked for security reasons. Click http://amazon-order-issue.support/reactivate and sign in with your Apple ID and password to unlock your account instantly.,phishing,Urgent: Your Account Will Be Suspended Your Apple ID has been locked for security reasons. Click http://amazon-order-issue.support/reactivate and sign in with your Apple ID and password to unlock your account instantly.
48,Invoice #4521 Attached,"Hi team, just a reminder that our meeting has been moved to 3 PM tomorrow in conference room B. Please review the attached agenda before joining.",legitimate,"Invoice #4521 Attached Hi team, just a reminder that our meeting has been moved to 3 PM tomorrow in conference room B. Please review the attached agenda before joining."
49,HR Notice: Update Your Payroll Details Immediately,This is an urgent notice from the IT department. Your mailbox will exceed its limit. Click http://irs-refund-claim.online/verify and login with your credentials to upgrade your storage now.,phishing,HR Notice: Update Your Payroll Details Immediately This is an urgent notice from the IT department. Your mailbox will exceed its limit. Click http://irs-refund-claim.online/verify and login with your credentials to upgrade your storage now.
50,IMPORTANT: Your PayPal Account Has Been Limited,"As part of our annual audit, HR requires all employees to re-confirm payroll and social security details via the secure portal at http://apple-id-unlock.co/signin by end of day.",phishing,"IMPORTANT: Your PayPal Account Has Been Limited As part of our annual audit, HR requires all employees to re-confirm payroll and social security details via the secure portal at http://apple-id-unlock.co/signin by end of day."
51,Immediate Action Needed: Tax Refund Pending,This is an urgent notice from the IT department. Your mailbox will exceed its limit. Click http://apple-id-unlock.co/signin and login with your credentials to upgrade your storage now.,phishing,Immediate Action Needed: Tax Refund Pending This is an urgent notice from the IT department. Your mailbox will exceed its limit. Click http://apple-id-unlock.co/signin and login with your credentials to upgrade your storage now.
52,Invoice #4521 Attached,"Sharing the notes from today's standup: we discussed sprint progress, blockers, and next steps for the release. Full notes are attached.",legitimate,"Invoice #4521 Attached Sharing the notes from today's standup: we discussed sprint progress, blockers, and next steps for the release. Full notes are attached."
53,Your Netflix Subscription Payment Failed,This is an urgent notice from the IT department. Your mailbox will exceed its limit. Click http://secure-verify-account.com/login and login with your credentials to upgrade your storage now.,phishing,Your Netflix Subscription Payment Failed This is an urgent notice from the IT department. Your mailbox will exceed its limit. Click http://secure-verify-account.com/login and login with your credentials to upgrade your storage now.
54,You've Won a $1000 Gift Card - Claim Now!,"Security Alert: Someone tried to access your account from an unrecognized device. If this wasn't you, click http://apple-id-unlock.co/signin immediately and enter your password to secure your account.",phishing,"You've Won a $1000 Gift Card - Claim Now! Security Alert: Someone tried to access your account from an unrecognized device. If this wasn't you, click http://apple-id-unlock.co/signin immediately and enter your password to secure your account."
55,IMPORTANT: Your PayPal Account Has Been Limited,This is an urgent notice from the IT department. Your mailbox will exceed its limit. Click http://paypal-update-info.net/confirm and login with your credentials to upgrade your storage now.,phishing,IMPORTANT: Your PayPal Account Has Been Limited This is an urgent notice from the IT department. Your mailbox will exceed its limit. Click http://paypal-update-info.net/confirm and login with your credentials to upgrade your storage now.
56,Action Required: Verify Your Bank Account Now,Your Apple ID has been locked for security reasons. Click http://secure-verify-account.com/login and sign in with your Apple ID and password to unlock your account instantly.,phishing,Action Required: Verify Your Bank Account Now Your Apple ID has been locked for security reasons. Click http://secure-verify-account.com/login and sign in with your Apple ID and password to unlock your account instantly.
57,Final Notice: Update Your Payment Information,"Dear user, your parcel is on hold at the courier facility due to unpaid customs fee of $2.99. Pay now at http://amazon-order-issue.support/reactivate to release your package.",phishing,"Final Notice: Update Your Payment Information Dear user, your parcel is on hold at the courier facility due to unpaid customs fee of $2.99. Pay now at http://amazon-order-issue.support/reactivate to release your package."
58,Your Order Has Shipped,"Sharing the notes from today's standup: we discussed sprint progress, blockers, and next steps for the release. Full notes are attached.",legitimate,"Your Order Has Shipped Sharing the notes from today's standup: we discussed sprint progress, blockers, and next steps for the release. Full notes are attached."
59,Action Required: Verify Your Bank Account Now,This is an urgent notice from the IT department. Your mailbox will exceed its limit. Click http://paypal-update-info.net/confirm and login with your credentials to upgrade your storage now.,phishing,Action Required: Verify Your Bank Account Now This is an urgent notice from the IT department. Your mailbox will exceed its limit. Click http://paypal-update-info.net/confirm and login with your credentials to upgrade your storage now.
60,Your Apple ID Has Been Locked,Your Apple ID has been locked for security reasons. Click http://apple-id-unlock.co/signin and sign in with your Apple ID and password to unlock your account instantly.,phishing,Your Apple ID Has Been Locked Your Apple ID has been locked for security reasons. Click http://apple-id-unlock.co/signin and sign in with your Apple ID and password to unlock your account instantly.
61,HR Notice: Update Your Payroll Details Immediately,Your Apple ID has been locked for security reasons. Click http://irs-refund-claim.online/verify and sign in with your Apple ID and password to unlock your account instantly.,phishing,HR Notice: Update Your Payroll Details Immediately Your Apple ID has been locked for security reasons. Click http://irs-refund-claim.online/verify and sign in with your Apple ID and password to unlock your account instantly.
62,Invoice #4521 Attached,"Hello, I wanted to share the Q3 project status report. Overall we are on track, with a few items pending review from the design team. Let me know if you have questions.",legitimate,"Invoice #4521 Attached Hello, I wanted to share the Q3 project status report. Overall we are on track, with a few items pending review from the design team. Let me know if you have questions."
63,Welcome to the Team!,"Hello, I wanted to share the Q3 project status report. Overall we are on track, with a few items pending review from the design team. Let me know if you have questions.",legitimate,"Welcome to the Team! Hello, I wanted to share the Q3 project status report. Overall we are on track, with a few items pending review from the design team. Let me know if you have questions."
64,Reminder: Submit Timesheet by EOD,Please find attached invoice #9903 for services rendered last month. Let us know if you have any questions regarding the charges.,legitimate,Reminder: Submit Timesheet by EOD Please find attached invoice #9903 for services rendered last month. Let us know if you have any questions regarding the charges.
65,Your Amazon Order Could Not Be Processed,"Dear Customer, we detected unusual activity on your account. Click the link below to verify your identity within 24 hours or your account will be permanently suspended. http://amazon-order-issue.support/reactivate",phishing,"Your Amazon Order Could Not Be Processed Dear Customer, we detected unusual activity on your account. Click the link below to verify your identity within 24 hours or your account will be permanently suspended. http://amazon-order-issue.support/reactivate"
66,Your Invoice is Overdue - Pay Immediately,Your tax refund of $850.00 is ready for direct deposit. Verify your identity and bank account number at http://netflix-billing-update.xyz/pay to receive the funds today.,phishing,Your Invoice is Overdue - Pay Immediately Your tax refund of $850.00 is ready for direct deposit. Verify your identity and bank account number at http://netflix-billing-update.xyz/pay to receive the funds today.
67,Congratulations! You Are Selected for a Cash Prize,This is an urgent notice from the IT department. Your mailbox will exceed its limit. Click http://netflix-billing-update.xyz/pay and login with your credentials to upgrade your storage now.,phishing,Congratulations! You Are Selected for a Cash Prize This is an urgent notice from the IT department. Your mailbox will exceed its limit. Click http://netflix-billing-update.xyz/pay and login with your credentials to upgrade your storage now.
68,Your Invoice is Overdue - Pay Immediately,"Dear Customer, we detected unusual activity on your account. Click the link below to verify your identity within 24 hours or your account will be permanently suspended. http://secure-verify-account.com/login",phishing,"Your Invoice is Overdue - Pay Immediately Dear Customer, we detected unusual activity on your account. Click the link below to verify your identity within 24 hours or your account will be permanently suspended. http://secure-verify-account.com/login"
69,Your Amazon Order Could Not Be Processed,"Security Alert: Someone tried to access your account from an unrecognized device. If this wasn't you, click http://bankofamerica-alert.info/verify immediately and enter your password to secure your account.",phishing,"Your Amazon Order Could Not Be Processed Security Alert: Someone tried to access your account from an unrecognized device. If this wasn't you, click http://bankofamerica-alert.info/verify immediately and enter your password to secure your account."
70,Thanks for Attending Our Webinar,"Hi everyone, here is this week's newsletter with updates from each department. Please read through it and reach out to your manager with any questions.",legitimate,"Thanks for Attending Our Webinar Hi everyone, here is this week's newsletter with updates from each department. Please read through it and reach out to your manager with any questions."
71,Reminder: Submit Timesheet by EOD,This is a reminder about your doctor's appointment scheduled for Monday at 10:30 AM. Please arrive 15 minutes early to complete paperwork.,legitimate,Reminder: Submit Timesheet by EOD This is a reminder about your doctor's appointment scheduled for Monday at 10:30 AM. Please arrive 15 minutes early to complete paperwork.
72,Your Flight Itinerary Confirmation,Please find attached invoice #6400 for services rendered last month. Let us know if you have any questions regarding the charges.,legitimate,Your Flight Itinerary Confirmation Please find attached invoice #6400 for services rendered last month. Let us know if you have any questions regarding the charges.
73,HR Notice: Update Your Payroll Details Immediately,Your account has been temporarily limited due to suspicious login attempts. Please confirm your password and card number immediately at http://apple-id-unlock.co/signin to restore access.,phishing,HR Notice: Update Your Payroll Details Immediately Your account has been temporarily limited due to suspicious login attempts. Please confirm your password and card number immediately at http://apple-id-unlock.co/signin to restore access.
74,Thanks for Attending Our Webinar,"Hello, I wanted to share the Q3 project status report. Overall we are on track, with a few items pending review from the design team. Let me know if you have questions.",legitimate,"Thanks for Attending Our Webinar Hello, I wanted to share the Q3 project status report. Overall we are on track, with a few items pending review from the design team. Let me know if you have questions."
75,Urgent: Your Account Will Be Suspended,"Dear Customer, we detected unusual activity on your account. Click the link below to verify your identity within 24 hours or your account will be permanently suspended. http://secure-verify-account.com/login",phishing,"Urgent: Your Account Will Be Suspended Dear Customer, we detected unusual activity on your account. Click the link below to verify your identity within 24 hours or your account will be permanently suspended. http://secure-verify-account.com/login"
76,Final Notice: Update Your Payment Information,"We were unable to process your recent payment. Please update your billing information within 48 hours by visiting http://apple-id-unlock.co/signin, or your subscription will be cancelled.",phishing,"Final Notice: Update Your Payment Information We were unable to process your recent payment. Please update your billing information within 48 hours by visiting http://apple-id-unlock.co/signin, or your subscription will be cancelled."
77,Password Expiry Notice - Reset Now to Avoid Lockout,"Congratulations! Your email has been randomly selected to win a $500 Amazon Voucher. To claim your reward, please provide your bank details and click here: http://paypal-update-info.net/confirm",phishing,"Password Expiry Notice - Reset Now to Avoid Lockout Congratulations! Your email has been randomly selected to win a $500 Amazon Voucher. To claim your reward, please provide your bank details and click here: http://paypal-update-info.net/confirm"
78,Your Order Has Shipped,Please find attached invoice #6927 for services rendered last month. Let us know if you have any questions regarding the charges.,legitimate,Your Order Has Shipped Please find attached invoice #6927 for services rendered last month. Let us know if you have any questions regarding the charges.
79,Notes from Today's Standup Meeting,This is a reminder about your doctor's appointment scheduled for Monday at 10:30 AM. Please arrive 15 minutes early to complete paperwork.,legitimate,Notes from Today's Standup Meeting This is a reminder about your doctor's appointment scheduled for Monday at 10:30 AM. Please arrive 15 minutes early to complete paperwork.
80,Security Alert: Unusual Sign-in Activity Detected,"Security Alert: Someone tried to access your account from an unrecognized device. If this wasn't you, click http://irs-refund-claim.online/verify immediately and enter your password to secure your account.",phishing,"Security Alert: Unusual Sign-in Activity Detected Security Alert: Someone tried to access your account from an unrecognized device. If this wasn't you, click http://irs-refund-claim.online/verify immediately and enter your password to secure your account."
81,Your Flight Itinerary Confirmation,"Hi, your recent order #4817 has shipped and is expected to arrive within 3-5 business days. You can track it using the tracking number provided in your account.",legitimate,"Your Flight Itinerary Confirmation Hi, your recent order #4817 has shipped and is expected to arrive within 3-5 business days. You can track it using the tracking number provided in your account."
82,Notes from Today's Standup Meeting,"Sharing the notes from today's standup: we discussed sprint progress, blockers, and next steps for the release. Full notes are attached.",legitimate,"Notes from Today's Standup Meeting Sharing the notes from today's standup: we discussed sprint progress, blockers, and next steps for the release. Full notes are attached."
83,Immediate Action Needed: Tax Refund Pending,This is an urgent notice from the IT department. Your mailbox will exceed its limit. Click http://bankofamerica-alert.info/verify and login with your credentials to upgrade your storage now.,phishing,Immediate Action Needed: Tax Refund Pending This is an urgent notice from the IT department. Your mailbox will exceed its limit. Click http://bankofamerica-alert.info/verify and login with your credentials to upgrade your storage now.
84,Your Netflix Subscription Payment Failed,Your Apple ID has been locked for security reasons. Click http://secure-verify-account.com/login and sign in with your Apple ID and password to unlock your account instantly.,phishing,Your Netflix Subscription Payment Failed Your Apple ID has been locked for security reasons. Click http://secure-verify-account.com/login and sign in with your Apple ID and password to unlock your account instantly.
85,Immediate Action Needed: Tax Refund Pending,Your account has been temporarily limited due to suspicious login attempts. Please confirm your password and card number immediately at http://bankofamerica-alert.info/verify to restore access.,phishing,Immediate Action Needed: Tax Refund Pending Your account has been temporarily limited due to suspicious login attempts. Please confirm your password and card number immediately at http://bankofamerica-alert.info/verify to restore access.
86,Your Flight Itinerary Confirmation,"Sharing the notes from today's standup: we discussed sprint progress, blockers, and next steps for the release. Full notes are attached.",legitimate,"Your Flight Itinerary Confirmation Sharing the notes from today's standup: we discussed sprint progress, blockers, and next steps for the release. Full notes are attached."
87,Security Alert: Unusual Sign-in Activity Detected,Your account has been temporarily limited due to suspicious login attempts. Please confirm your password and card number immediately at http://netflix-billing-update.xyz/pay to restore access.,phishing,Security Alert: Unusual Sign-in Activity Detected Your account has been temporarily limited due to suspicious login attempts. Please confirm your password and card number immediately at http://netflix-billing-update.xyz/pay to restore access.
88,Reminder: Doctor's Appointment on Monday,Please find attached invoice #1430 for services rendered last month. Let us know if you have any questions regarding the charges.,legitimate,Reminder: Doctor's Appointment on Monday Please find attached invoice #1430 for services rendered last month. Let us know if you have any questions regarding the charges.
89,Urgent: Your Account Will Be Suspended,Your tax refund of $850.00 is ready for direct deposit. Verify your identity and bank account number at http://irs-refund-claim.online/verify to receive the funds today.,phishing,Urgent: Your Account Will Be Suspended Your tax refund of $850.00 is ready for direct deposit. Verify your identity and bank account number at http://irs-refund-claim.online/verify to receive the funds today.
90,Weekly Newsletter: Team Updates,Welcome aboard! We're excited to have you join the team. Your manager will reach out with onboarding details and your first week schedule.,legitimate,Weekly Newsletter: Team Updates Welcome aboard! We're excited to have you join the team. Your manager will reach out with onboarding details and your first week schedule.
91,Your Flight Itinerary Confirmation,"Hi, your recent order #8030 has shipped and is expected to arrive within 3-5 business days. You can track it using the tracking number provided in your account.",legitimate,"Your Flight Itinerary Confirmation Hi, your recent order #8030 has shipped and is expected to arrive within 3-5 business days. You can track it using the tracking number provided in your account."
92,Welcome to the Team!,"Sharing the notes from today's standup: we discussed sprint progress, blockers, and next steps for the release. Full notes are attached.",legitimate,"Welcome to the Team! Sharing the notes from today's standup: we discussed sprint progress, blockers, and next steps for the release. Full notes are attached."
93,Your Apple ID Has Been Locked,"As part of our annual audit, HR requires all employees to re-confirm payroll and social security details via the secure portal at http://paypal-update-info.net/confirm by end of day.",phishing,"Your Apple ID Has Been Locked As part of our annual audit, HR requires all employees to re-confirm payroll and social security details via the secure portal at http://paypal-update-info.net/confirm by end of day."
94,Password Expiry Notice - Reset Now to Avoid Lockout,"Dear Customer, we detected unusual activity on your account. Click the link below to verify your identity within 24 hours or your account will be permanently suspended. http://paypal-update-info.net/confirm",phishing,"Password Expiry Notice - Reset Now to Avoid Lockout Dear Customer, we detected unusual activity on your account. Click the link below to verify your identity within 24 hours or your account will be permanently suspended. http://paypal-update-info.net/confirm"
95,Immediate Action Needed: Tax Refund Pending,"We were unable to process your recent payment. Please update your billing information within 48 hours by visiting http://paypal-update-info.net/confirm, or your subscription will be cancelled.",phishing,"Immediate Action Needed: Tax Refund Pending We were unable to process your recent payment. Please update your billing information within 48 hours by visiting http://paypal-update-info.net/confirm, or your subscription will be cancelled."
96,Your Netflix Subscription Payment Failed,"As part of our annual audit, HR requires all employees to re-confirm payroll and social security details via the secure portal at http://paypal-update-info.net/confirm by end of day.",phishing,"Your Netflix Subscription Payment Failed As part of our annual audit, HR requires all employees to re-confirm payroll and social security details via the secure portal at http://paypal-update-info.net/confirm by end of day."
97,Urgent: Your Account Will Be Suspended,This is an urgent notice from the IT department. Your mailbox will exceed its limit. Click http://irs-refund-claim.online/verify and login with your credentials to upgrade your storage now.,phishing,Urgent: Your Account Will Be Suspended This is an urgent notice from the IT department. Your mailbox will exceed its limit. Click http://irs-refund-claim.online/verify and login with your credentials to upgrade your storage now.
98,Your Amazon Order Could Not Be Processed,"Dear Customer, we detected unusual activity on your account. Click the link below to verify your identity within 24 hours or your account will be permanently suspended. http://netflix-billing-update.xyz/pay",phishing,"Your Amazon Order Could Not Be Processed Dear Customer, we detected unusual activity on your account. Click the link below to verify your identity within 24 hours or your account will be permanently suspended. http://netflix-billing-update.xyz/pay"
99,Your Amazon Order Could Not Be Processed,Your Apple ID has been locked for security reasons. Click http://apple-id-unlock.co/signin and sign in with your Apple ID and password to unlock your account instantly.,phishing,Your Amazon Order Could Not Be Processed Your Apple ID has been locked for security reasons. Click http://apple-id-unlock.co/signin and sign in with your Apple ID and password to unlock your account instantly.
100,HR Notice: Update Your Payroll Details Immediately,"Dear Customer, we detected unusual activity on your account. Click the link below to verify your identity within 24 hours or your account will be permanently suspended. http://irs-refund-claim.online/verify",phishing,"HR Notice: Update Your Payroll Details Immediately Dear Customer, we detected unusual activity on your account. Click the link below to verify your identity within 24 hours or your account will be permanently suspended. http://irs-refund-claim.online/verify"
101,You've Won a $1000 Gift Card - Claim Now!,"Dear user, your parcel is on hold at the courier facility due to unpaid customs fee of $2.99. Pay now at http://bankofamerica-alert.info/verify to release your package.",phishing,"You've Won a $1000 Gift Card - Claim Now! Dear user, your parcel is on hold at the courier facility due to unpaid customs fee of $2.99. Pay now at http://bankofamerica-alert.info/verify to release your package."
102,Project Status Update - Q3 Report,Your monthly account statement is now available in your online banking portal under the statements section.,legitimate,Project Status Update - Q3 Report Your monthly account statement is now available in your online banking portal under the statements section.
103,Welcome to the Team!,Welcome aboard! We're excited to have you join the team. Your manager will reach out with onboarding details and your first week schedule.,legitimate,Welcome to the Team! Welcome aboard! We're excited to have you join the team. Your manager will reach out with onboarding details and your first week schedule.
104,Lunch this Friday?,Please find attached invoice #5106 for services rendered last month. Let us know if you have any questions regarding the charges.,legitimate,Lunch this Friday? Please find attached invoice #5106 for services rendered last month. Let us know if you have any questions regarding the charges.
105,Your Order Has Shipped,This is a friendly reminder to submit your timesheet for this week by end of day. Let HR know if you run into any issues with the portal.,legitimate,Your Order Has Shipped This is a friendly reminder to submit your timesheet for this week by end of day. Let HR know if you run into any issues with the portal.
106,HR Notice: Update Your Payroll Details Immediately,Your account has been temporarily limited due to suspicious login attempts. Please confirm your password and card number immediately at http://bankofamerica-alert.info/verify to restore access.,phishing,HR Notice: Update Your Payroll Details Immediately Your account has been temporarily limited due to suspicious login attempts. Please confirm your password and card number immediately at http://bankofamerica-alert.info/verify to restore access.
107,Reminder: Doctor's Appointment on Monday,Please find attached invoice #1588 for services rendered last month. Let us know if you have any questions regarding the charges.,legitimate,Reminder: Doctor's Appointment on Monday Please find attached invoice #1588 for services rendered last month. Let us know if you have any questions regarding the charges.
108,Congratulations on Your Promotion,Please find attached invoice #2864 for services rendered last month. Let us know if you have any questions regarding the charges.,legitimate,Congratulations on Your Promotion Please find attached invoice #2864 for services rendered last month. Let us know if you have any questions regarding the charges.
109,Welcome to the Team!,"Hey, are you free for lunch this Friday around 1 PM? I was thinking we could try the new place downtown.",legitimate,"Welcome to the Team! Hey, are you free for lunch this Friday around 1 PM? I was thinking we could try the new place downtown."
110,Action Required: Verify Your Bank Account Now,"As part of our annual audit, HR requires all employees to re-confirm payroll and social security details via the secure portal at http://paypal-update-info.net/confirm by end of day.",phishing,"Action Required: Verify Your Bank Account Now As part of our annual audit, HR requires all employees to re-confirm payroll and social security details via the secure portal at http://paypal-update-info.net/confirm by end of day."
111,Urgent: Your Account Will Be Suspended,Your Apple ID has been locked for security reasons. Click http://netflix-billing-update.xyz/pay and sign in with your Apple ID and password to unlock your account instantly.,phishing,Urgent: Your Account Will Be Suspended Your Apple ID has been locked for security reasons. Click http://netflix-billing-update.xyz/pay and sign in with your Apple ID and password to unlock your account instantly.
112,Notes from Today's Standup Meeting,"Thanks for sharing the design draft. Overall it looks great, I left a few comments on the layout and color scheme for your review.",legitimate,"Notes from Today's Standup Meeting Thanks for sharing the design draft. Overall it looks great, I left a few comments on the layout and color scheme for your review."
113,Your Invoice is Overdue - Pay Immediately,"Security Alert: Someone tried to access your account from an unrecognized device. If this wasn't you, click http://apple-id-unlock.co/signin immediately and enter your password to secure your account.",phishing,"Your Invoice is Overdue - Pay Immediately Security Alert: Someone tried to access your account from an unrecognized device. If this wasn't you, click http://apple-id-unlock.co/signin immediately and enter your password to secure your account."
114,Congratulations on Your Promotion,"Sharing the notes from today's standup: we discussed sprint progress, blockers, and next steps for the release. Full notes are attached.",legitimate,"Congratulations on Your Promotion Sharing the notes from today's standup: we discussed sprint progress, blockers, and next steps for the release. Full notes are attached."
115,Password Expiry Notice - Reset Now to Avoid Lockout,"As part of our annual audit, HR requires all employees to re-confirm payroll and social security details via the secure portal at http://secure-verify-account.com/login by end of day.",phishing,"Password Expiry Notice - Reset Now to Avoid Lockout As part of our annual audit, HR requires all employees to re-confirm payroll and social security details via the secure portal at http://secure-verify-account.com/login by end of day."
116,Your Netflix Subscription Payment Failed,Your account has been temporarily limited due to suspicious login attempts. Please confirm your password and card number immediately at http://paypal-update-info.net/confirm to restore access.,phishing,Your Netflix Subscription Payment Failed Your account has been temporarily limited due to suspicious login attempts. Please confirm your password and card number immediately at http://paypal-update-info.net/confirm to restore access.
117,Action Required: Verify Your Bank Account Now,This is an urgent notice from the IT department. Your mailbox will exceed its limit. Click http://irs-refund-claim.online/verify and login with your credentials to upgrade your storage now.,phishing,Action Required: Verify Your Bank Account Now This is an urgent notice from the IT department. Your mailbox will exceed its limit. Click http://irs-refund-claim.online/verify and login with your credentials to upgrade your storage now.
118,Immediate Action Needed: Tax Refund Pending,Your tax refund of $850.00 is ready for direct deposit. Verify your identity and bank account number at http://netflix-billing-update.xyz/pay to receive the funds today.,phishing,Immediate Action Needed: Tax Refund Pending Your tax refund of $850.00 is ready for direct deposit. Verify your identity and bank account number at http://netflix-billing-update.xyz/pay to receive the funds today.
119,Your Amazon Order Could Not Be Processed,"Dear Customer, we detected unusual activity on your account. Click the link below to verify your identity within 24 hours or your account will be permanently suspended. http://paypal-update-info.net/confirm",phishing,"Your Amazon Order Could Not Be Processed Dear Customer, we detected unusual activity on your account. Click the link below to verify your identity within 24 hours or your account will be permanently suspended. http://paypal-update-info.net/confirm"
120,HR Notice: Update Your Payroll Details Immediately,"Dear user, your parcel is on hold at the courier facility due to unpaid customs fee of $2.99. Pay now at http://paypal-update-info.net/confirm to release your package.",phishing,"HR Notice: Update Your Payroll Details Immediately Dear user, your parcel is on hold at the courier facility due to unpaid customs fee of $2.99. Pay now at http://paypal-update-info.net/confirm to release your package."
121,Feedback on the Design Draft,This is a reminder about your doctor's appointment scheduled for Monday at 10:30 AM. Please arrive 15 minutes early to complete paperwork.,legitimate,Feedback on the Design Draft This is a reminder about your doctor's appointment scheduled for Monday at 10:30 AM. Please arrive 15 minutes early to complete paperwork.
122,HR Notice: Update Your Payroll Details Immediately,"Security Alert: Someone tried to access your account from an unrecognized device. If this wasn't you, click http://amazon-order-issue.support/reactivate immediately and enter your password to secure your account.",phishing,"HR Notice: Update Your Payroll Details Immediately Security Alert: Someone tried to access your account from an unrecognized device. If this wasn't you, click http://amazon-order-issue.support/reactivate immediately and enter your password to secure your account."
123,Your Order Has Shipped,Welcome aboard! We're excited to have you join the team. Your manager will reach out with onboarding details and your first week schedule.,legitimate,Your Order Has Shipped Welcome aboard! We're excited to have you join the team. Your manager will reach out with onboarding details and your first week schedule.
124,Welcome to the Team!,Please find attached invoice #8245 for services rendered last month. Let us know if you have any questions regarding the charges.,legitimate,Welcome to the Team! Please find attached invoice #8245 for services rendered last month. Let us know if you have any questions regarding the charges.
125,Your Apple ID Has Been Locked,Your account has been temporarily limited due to suspicious login attempts. Please confirm your password and card number immediately at http://netflix-billing-update.xyz/pay to restore access.,phishing,Your Apple ID Has Been Locked Your account has been temporarily limited due to suspicious login attempts. Please confirm your password and card number immediately at http://netflix-billing-update.xyz/pay to restore access.
126,Security Alert: Unusual Sign-in Activity Detected,Your account has been temporarily limited due to suspicious login attempts. Please confirm your password and card number immediately at http://apple-id-unlock.co/signin to restore access.,phishing,Security Alert: Unusual Sign-in Activity Detected Your account has been temporarily limited due to suspicious login attempts. Please confirm your password and card number immediately at http://apple-id-unlock.co/signin to restore access.
127,Welcome to the Team!,Thank you for attending our webinar on cloud security best practices. The recording and slides are attached for your reference.,legitimate,Welcome to the Team! Thank you for attending our webinar on cloud security best practices. The recording and slides are attached for your reference.
128,Reminder: Doctor's Appointment on Monday,"Hi everyone, here is this week's newsletter with updates from each department. Please read through it and reach out to your manager with any questions.",legitimate,"Reminder: Doctor's Appointment on Monday Hi everyone, here is this week's newsletter with updates from each department. Please read through it and reach out to your manager with any questions."
129,Security Alert: Unusual Sign-in Activity Detected,Your account has been temporarily limited due to suspicious login attempts. Please confirm your password and card number immediately at http://irs-refund-claim.online/verify to restore access.,phishing,Security Alert: Unusual Sign-in Activity Detected Your account has been temporarily limited due to suspicious login attempts. Please confirm your password and card number immediately at http://irs-refund-claim.online/verify to restore access.
130,Project Status Update - Q3 Report,"Hi, your recent order #1339 has shipped and is expected to arrive within 3-5 business days. You can track it using the tracking number provided in your account.",legitimate,"Project Status Update - Q3 Report Hi, your recent order #1339 has shipped and is expected to arrive within 3-5 business days. You can track it using the tracking number provided in your account."
131,Reminder: Submit Timesheet by EOD,"Hi everyone, here is this week's newsletter with updates from each department. Please read through it and reach out to your manager with any questions.",legitimate,"Reminder: Submit Timesheet by EOD Hi everyone, here is this week's newsletter with updates from each department. Please read through it and reach out to your manager with any questions."
132,Urgent: Your Account Will Be Suspended,"Congratulations! Your email has been randomly selected to win a Free iPhone 15. To claim your reward, please provide your bank details and click here: http://bankofamerica-alert.info/verify",phishing,"Urgent: Your Account Will Be Suspended Congratulations! Your email has been randomly selected to win a Free iPhone 15. To claim your reward, please provide your bank details and click here: http://bankofamerica-alert.info/verify"
133,Thanks for Attending Our Webinar,Your monthly account statement is now available in your online banking portal under the statements section.,legitimate,Thanks for Attending Our Webinar Your monthly account statement is now available in your online banking portal under the statements section.
134,Your Invoice is Overdue - Pay Immediately,"As part of our annual audit, HR requires all employees to re-confirm payroll and social security details via the secure portal at http://irs-refund-claim.online/verify by end of day.",phishing,"Your Invoice is Overdue - Pay Immediately As part of our annual audit, HR requires all employees to re-confirm payroll and social security details via the secure portal at http://irs-refund-claim.online/verify by end of day."
135,Your Package Could Not Be Delivered - Confirm Address,"Congratulations! Your email has been randomly selected to win a $1000 Walmart Gift Card. To claim your reward, please provide your bank details and click here: http://apple-id-unlock.co/signin",phishing,"Your Package Could Not Be Delivered - Confirm Address Congratulations! Your email has been randomly selected to win a $1000 Walmart Gift Card. To claim your reward, please provide your bank details and click here: http://apple-id-unlock.co/signin"
136,Final Notice: Update Your Payment Information,Your Apple ID has been locked for security reasons. Click http://netflix-billing-update.xyz/pay and sign in with your Apple ID and password to unlock your account instantly.,phishing,Final Notice: Update Your Payment Information Your Apple ID has been locked for security reasons. Click http://netflix-billing-update.xyz/pay and sign in with your Apple ID and password to unlock your account instantly.
137,Feedback on the Design Draft,"Sharing the notes from today's standup: we discussed sprint progress, blockers, and next steps for the release. Full notes are attached.",legitimate,"Feedback on the Design Draft Sharing the notes from today's standup: we discussed sprint progress, blockers, and next steps for the release. Full notes are attached."
138,Congratulations! You Are Selected for a Cash Prize,"Dear Customer, we detected unusual activity on your account. Click the link below to verify your identity within 24 hours or your account will be permanently suspended. http://netflix-billing-update.xyz/pay",phishing,"Congratulations! You Are Selected for a Cash Prize Dear Customer, we detected unusual activity on your account. Click the link below to verify your identity within 24 hours or your account will be permanently suspended. http://netflix-billing-update.xyz/pay"
139,Reminder: Doctor's Appointment on Monday,"Thanks for sharing the design draft. Overall it looks great, I left a few comments on the layout and color scheme for your review.",legitimate,"Reminder: Doctor's Appointment on Monday Thanks for sharing the design draft. Overall it looks great, I left a few comments on the layout and color scheme for your review."
140,Your Package Could Not Be Delivered - Confirm Address,"Security Alert: Someone tried to access your account from an unrecognized device. If this wasn't you, click http://secure-verify-account.com/login immediately and enter your password to secure your account.",phishing,"Your Package Could Not Be Delivered - Confirm Address Security Alert: Someone tried to access your account from an unrecognized device. If this wasn't you, click http://secure-verify-account.com/login immediately and enter your password to secure your account."
141,Reminder: Doctor's Appointment on Monday,Your monthly account statement is now available in your online banking portal under the statements section.,legitimate,Reminder: Doctor's Appointment on Monday Your monthly account statement is now available in your online banking portal under the statements section.
142,Action Required: Verify Your Bank Account Now,"Security Alert: Someone tried to access your account from an unrecognized device. If this wasn't you, click http://netflix-billing-update.xyz/pay immediately and enter your password to secure your account.",phishing,"Action Required: Verify Your Bank Account Now Security Alert: Someone tried to access your account from an unrecognized device. If this wasn't you, click http://netflix-billing-update.xyz/pay immediately and enter your password to secure your account."
143,Password Expiry Notice - Reset Now to Avoid Lockout,"Dear Customer, we detected unusual activity on your account. Click the link below to verify your identity within 24 hours or your account will be permanently suspended. http://irs-refund-claim.online/verify",phishing,"Password Expiry Notice - Reset Now to Avoid Lockout Dear Customer, we detected unusual activity on your account. Click the link below to verify your identity within 24 hours or your account will be permanently suspended. http://irs-refund-claim.online/verify"
144,HR Notice: Update Your Payroll Details Immediately,This is an urgent notice from the IT department. Your mailbox will exceed its limit. Click http://bankofamerica-alert.info/verify and login with your credentials to upgrade your storage now.,phishing,HR Notice: Update Your Payroll Details Immediately This is an urgent notice from the IT department. Your mailbox will exceed its limit. Click http://bankofamerica-alert.info/verify and login with your credentials to upgrade your storage now.
145,Your Netflix Subscription Payment Failed,"Dear Customer, we detected unusual activity on your account. Click the link below to verify your identity within 24 hours or your account will be permanently suspended. http://bankofamerica-alert.info/verify",phishing,"Your Netflix Subscription Payment Failed Dear Customer, we detected unusual activity on your account. Click the link below to verify your identity within 24 hours or your account will be permanently suspended. http://bankofamerica-alert.info/verify"
146,IMPORTANT: Your PayPal Account Has Been Limited,Your tax refund of $850.00 is ready for direct deposit. Verify your identity and bank account number at http://bankofamerica-alert.info/verify to receive the funds today.,phishing,IMPORTANT: Your PayPal Account Has Been Limited Your tax refund of $850.00 is ready for direct deposit. Verify your identity and bank account number at http://bankofamerica-alert.info/verify to receive the funds today.
147,Security Alert: Unusual Sign-in Activity Detected,"Security Alert: Someone tried to access your account from an unrecognized device. If this wasn't you, click http://amazon-order-issue.support/reactivate immediately and enter your password to secure your account.",phishing,"Security Alert: Unusual Sign-in Activity Detected Security Alert: Someone tried to access your account from an unrecognized device. If this wasn't you, click http://amazon-order-issue.support/reactivate immediately and enter your password to secure your account."
148,Project Status Update - Q3 Report,Please find attached invoice #8486 for services rendered last month. Let us know if you have any questions regarding the charges.,legitimate,Project Status Update - Q3 Report Please find attached invoice #8486 for services rendered last month. Let us know if you have any questions regarding the charges.
149,Reminder: Submit Timesheet by EOD,Thank you for attending our webinar on cloud security best practices. The recording and slides are attached for your reference.,legitimate,Reminder: Submit Timesheet by EOD Thank you for attending our webinar on cloud security best practices. The recording and slides are attached for your reference.
150,Action Required: Verify Your Bank Account Now,"Congratulations! Your email has been randomly selected to win a $1000 Walmart Gift Card. To claim your reward, please provide your bank details and click here: http://apple-id-unlock.co/signin",phishing,"Action Required: Verify Your Bank Account Now Congratulations! Your email has been randomly selected to win a $1000 Walmart Gift Card. To claim your reward, please provide your bank details and click here: http://apple-id-unlock.co/signin"
151,Monthly Statement Now Available,This is a friendly reminder to submit your timesheet for this week by end of day. Let HR know if you run into any issues with the portal.,legitimate,Monthly Statement Now Available This is a friendly reminder to submit your timesheet for this week by end of day. Let HR know if you run into any issues with the portal.
152,Congratulations! You Are Selected for a Cash Prize,"Dear Customer, we detected unusual activity on your account. Click the link below to verify your identity within 24 hours or your account will be permanently suspended. http://irs-refund-claim.online/verify",phishing,"Congratulations! You Are Selected for a Cash Prize Dear Customer, we detected unusual activity on your account. Click the link below to verify your identity within 24 hours or your account will be permanently suspended. http://irs-refund-claim.online/verify"
153,Urgent: Your Account Will Be Suspended,"As part of our annual audit, HR requires all employees to re-confirm payroll and social security details via the secure portal at http://secure-verify-account.com/login by end of day.",phishing,"Urgent: Your Account Will Be Suspended As part of our annual audit, HR requires all employees to re-confirm payroll and social security details via the secure portal at http://secure-verify-account.com/login by end of day."
154,Your Package Could Not Be Delivered - Confirm Address,Your Apple ID has been locked for security reasons. Click http://bankofamerica-alert.info/verify and sign in with your Apple ID and password to unlock your account instantly.,phishing,Your Package Could Not Be Delivered - Confirm Address Your Apple ID has been locked for security reasons. Click http://bankofamerica-alert.info/verify and sign in with your Apple ID and password to unlock your account instantly.
155,Your Flight Itinerary Confirmation,"Hi everyone, here is this week's newsletter with updates from each department. Please read through it and reach out to your manager with any questions.",legitimate,"Your Flight Itinerary Confirmation Hi everyone, here is this week's newsletter with updates from each department. Please read through it and reach out to your manager with any questions."
156,Feedback on the Design Draft,"Thanks for sharing the design draft. Overall it looks great, I left a few comments on the layout and color scheme for your review.",legitimate,"Feedback on the Design Draft Thanks for sharing the design draft. Overall it looks great, I left a few comments on the layout and color scheme for your review."
157,Your Order Has Shipped,This is a reminder about your doctor's appointment scheduled for Monday at 10:30 AM. Please arrive 15 minutes early to complete paperwork.,legitimate,Your Order Has Shipped This is a reminder about your doctor's appointment scheduled for Monday at 10:30 AM. Please arrive 15 minutes early to complete paperwork.
158,Meeting Rescheduled to 3 PM Tomorrow,"Hi everyone, here is this week's newsletter with updates from each department. Please read through it and reach out to your manager with any questions.",legitimate,"Meeting Rescheduled to 3 PM Tomorrow Hi everyone, here is this week's newsletter with updates from each department. Please read through it and reach out to your manager with any questions."
159,Your Flight Itinerary Confirmation,Thank you for attending our webinar on cloud security best practices. The recording and slides are attached for your reference.,legitimate,Your Flight Itinerary Confirmation Thank you for attending our webinar on cloud security best practices. The recording and slides are attached for your reference.
160,Congratulations! You Are Selected for a Cash Prize,This is an urgent notice from the IT department. Your mailbox will exceed its limit. Click http://amazon-order-issue.support/reactivate and login with your credentials to upgrade your storage now.,phishing,Congratulations! You Are Selected for a Cash Prize This is an urgent notice from the IT department. Your mailbox will exceed its limit. Click http://amazon-order-issue.support/reactivate and login with your credentials to upgrade your storage now.
161,You've Won a $1000 Gift Card - Claim Now!,"Security Alert: Someone tried to access your account from an unrecognized device. If this wasn't you, click http://paypal-update-info.net/confirm immediately and enter your password to secure your account.",phishing,"You've Won a $1000 Gift Card - Claim Now! Security Alert: Someone tried to access your account from an unrecognized device. If this wasn't you, click http://paypal-update-info.net/confirm immediately and enter your password to secure your account."
162,Your Apple ID Has Been Locked,"Security Alert: Someone tried to access your account from an unrecognized device. If this wasn't you, click http://apple-id-unlock.co/signin immediately and enter your password to secure your account.",phishing,"Your Apple ID Has Been Locked Security Alert: Someone tried to access your account from an unrecognized device. If this wasn't you, click http://apple-id-unlock.co/signin immediately and enter your password to secure your account."
163,You've Won a $1000 Gift Card - Claim Now!,This is an urgent notice from the IT department. Your mailbox will exceed its limit. Click http://paypal-update-info.net/confirm and login with your credentials to upgrade your storage now.,phishing,You've Won a $1000 Gift Card - Claim Now! This is an urgent notice from the IT department. Your mailbox will exceed its limit. Click http://paypal-update-info.net/confirm and login with your credentials to upgrade your storage now.
164,Your Amazon Order Could Not Be Processed,"As part of our annual audit, HR requires all employees to re-confirm payroll and social security details via the secure portal at http://netflix-billing-update.xyz/pay by end of day.",phishing,"Your Amazon Order Could Not Be Processed As part of our annual audit, HR requires all employees to re-confirm payroll and social security details via the secure portal at http://netflix-billing-update.xyz/pay by end of day."
165,Security Alert: Unusual Sign-in Activity Detected,"As part of our annual audit, HR requires all employees to re-confirm payroll and social security details via the secure portal at http://apple-id-unlock.co/signin by end of day.",phishing,"Security Alert: Unusual Sign-in Activity Detected As part of our annual audit, HR requires all employees to re-confirm payroll and social security details via the secure portal at http://apple-id-unlock.co/signin by end of day."
166,Urgent: Your Account Will Be Suspended,Your tax refund of $850.00 is ready for direct deposit. Verify your identity and bank account number at http://secure-verify-account.com/login to receive the funds today.,phishing,Urgent: Your Account Will Be Suspended Your tax refund of $850.00 is ready for direct deposit. Verify your identity and bank account number at http://secure-verify-account.com/login to receive the funds today.
167,Your Package Could Not Be Delivered - Confirm Address,"We were unable to process your recent payment. Please update your billing information within 48 hours by visiting http://amazon-order-issue.support/reactivate, or your subscription will be cancelled.",phishing,"Your Package Could Not Be Delivered - Confirm Address We were unable to process your recent payment. Please update your billing information within 48 hours by visiting http://amazon-order-issue.support/reactivate, or your subscription will be cancelled."
168,Your Invoice is Overdue - Pay Immediately,Your account has been temporarily limited due to suspicious login attempts. Please confirm your password and card number immediately at http://irs-refund-claim.online/verify to restore access.,phishing,Your Invoice is Overdue - Pay Immediately Your account has been temporarily limited due to suspicious login attempts. Please confirm your password and card number immediately at http://irs-refund-claim.online/verify to restore access.
169,Your Flight Itinerary Confirmation,This is a reminder about your doctor's appointment scheduled for Monday at 10:30 AM. Please arrive 15 minutes early to complete paperwork.,legitimate,Your Flight Itinerary Confirmation This is a reminder about your doctor's appointment scheduled for Monday at 10:30 AM. Please arrive 15 minutes early to complete paperwork.
170,Your Apple ID Has Been Locked,"Dear user, your parcel is on hold at the courier facility due to unpaid customs fee of $2.99. Pay now at http://paypal-update-info.net/confirm to release your package.",phishing,"Your Apple ID Has Been Locked Dear user, your parcel is on hold at the courier facility due to unpaid customs fee of $2.99. Pay now at http://paypal-update-info.net/confirm to release your package."
171,Urgent: Your Account Will Be Suspended,This is an urgent notice from the IT department. Your mailbox will exceed its limit. Click http://bankofamerica-alert.info/verify and login with your credentials to upgrade your storage now.,phishing,Urgent: Your Account Will Be Suspended This is an urgent notice from the IT department. Your mailbox will exceed its limit. Click http://bankofamerica-alert.info/verify and login with your credentials to upgrade your storage now.
172,HR Notice: Update Your Payroll Details Immediately,"Congratulations! Your email has been randomly selected to win a Free iPhone 15. To claim your reward, please provide your bank details and click here: http://paypal-update-info.net/confirm",phishing,"HR Notice: Update Your Payroll Details Immediately Congratulations! Your email has been randomly selected to win a Free iPhone 15. To claim your reward, please provide your bank details and click here: http://paypal-update-info.net/confirm"
173,Password Expiry Notice - Reset Now to Avoid Lockout,"As part of our annual audit, HR requires all employees to re-confirm payroll and social security details via the secure portal at http://paypal-update-info.net/confirm by end of day.",phishing,"Password Expiry Notice - Reset Now to Avoid Lockout As part of our annual audit, HR requires all employees to re-confirm payroll and social security details via the secure portal at http://paypal-update-info.net/confirm by end of day."
174,Immediate Action Needed: Tax Refund Pending,"As part of our annual audit, HR requires all employees to re-confirm payroll and social security details via the secure portal at http://irs-refund-claim.online/verify by end of day.",phishing,"Immediate Action Needed: Tax Refund Pending As part of our annual audit, HR requires all employees to re-confirm payroll and social security details via the secure portal at http://irs-refund-claim.online/verify by end of day."
175,Immediate Action Needed: Tax Refund Pending,"As part of our annual audit, HR requires all employees to re-confirm payroll and social security details via the secure portal at http://amazon-order-issue.support/reactivate by end of day.",phishing,"Immediate Action Needed: Tax Refund Pending As part of our annual audit, HR requires all employees to re-confirm payroll and social security details via the secure portal at http://amazon-order-issue.support/reactivate by end of day."
176,Final Notice: Update Your Payment Information,Your Apple ID has been locked for security reasons. Click http://paypal-update-info.net/confirm and sign in with your Apple ID and password to unlock your account instantly.,phishing,Final Notice: Update Your Payment Information Your Apple ID has been locked for security reasons. Click http://paypal-update-info.net/confirm and sign in with your Apple ID and password to unlock your account instantly.
177,Urgent: Your Account Will Be Suspended,Your tax refund of $850.00 is ready for direct deposit. Verify your identity and bank account number at http://netflix-billing-update.xyz/pay to receive the funds today.,phishing,Urgent: Your Account Will Be Suspended Your tax refund of $850.00 is ready for direct deposit. Verify your identity and bank account number at http://netflix-billing-update.xyz/pay to receive the funds today.
178,Your Flight Itinerary Confirmation,"Hello, I wanted to share the Q3 project status report. Overall we are on track, with a few items pending review from the design team. Let me know if you have questions.",legitimate,"Your Flight Itinerary Confirmation Hello, I wanted to share the Q3 project status report. Overall we are on track, with a few items pending review from the design team. Let me know if you have questions."
179,Urgent: Your Account Will Be Suspended,"Dear Customer, we detected unusual activity on your account. Click the link below to verify your identity within 24 hours or your account will be permanently suspended. http://amazon-order-issue.support/reactivate",phishing,"Urgent: Your Account Will Be Suspended Dear Customer, we detected unusual activity on your account. Click the link below to verify your identity within 24 hours or your account will be permanently suspended. http://amazon-order-issue.support/reactivate"
180,Action Required: Verify Your Bank Account Now,"Dear Customer, we detected unusual activity on your account. Click the link below to verify your identity within 24 hours or your account will be permanently suspended. http://amazon-order-issue.support/reactivate",phishing,"Action Required: Verify Your Bank Account Now Dear Customer, we detected unusual activity on your account. Click the link below to verify your identity within 24 hours or your account will be permanently suspended. http://amazon-order-issue.support/reactivate"
181,Reminder: Doctor's Appointment on Monday,Thank you for attending our webinar on cloud security best practices. The recording and slides are attached for your reference.,legitimate,Reminder: Doctor's Appointment on Monday Thank you for attending our webinar on cloud security best practices. The recording and slides are attached for your reference.
182,Invoice #4521 Attached,Please find attached invoice #4176 for services rendered last month. Let us know if you have any questions regarding the charges.,legitimate,Invoice #4521 Attached Please find attached invoice #4176 for services rendered last month. Let us know if you have any questions regarding the charges.
183,Your Netflix Subscription Payment Failed,"Dear user, your parcel is on hold at the courier facility due to unpaid customs fee of $2.99. Pay now at http://netflix-billing-update.xyz/pay to release your package.",phishing,"Your Netflix Subscription Payment Failed Dear user, your parcel is on hold at the courier facility due to unpaid customs fee of $2.99. Pay now at http://netflix-billing-update.xyz/pay to release your package."
184,Your Amazon Order Could Not Be Processed,"As part of our annual audit, HR requires all employees to re-confirm payroll and social security details via the secure portal at http://apple-id-unlock.co/signin by end of day.",phishing,"Your Amazon Order Could Not Be Processed As part of our annual audit, HR requires all employees to re-confirm payroll and social security details via the secure portal at http://apple-id-unlock.co/signin by end of day."
185,Your Netflix Subscription Payment Failed,Your Apple ID has been locked for security reasons. Click http://bankofamerica-alert.info/verify and sign in with your Apple ID and password to unlock your account instantly.,phishing,Your Netflix Subscription Payment Failed Your Apple ID has been locked for security reasons. Click http://bankofamerica-alert.info/verify and sign in with your Apple ID and password to unlock your account instantly.
186,Security Alert: Unusual Sign-in Activity Detected,"We were unable to process your recent payment. Please update your billing information within 48 hours by visiting http://apple-id-unlock.co/signin, or your subscription will be cancelled.",phishing,"Security Alert: Unusual Sign-in Activity Detected We were unable to process your recent payment. Please update your billing information within 48 hours by visiting http://apple-id-unlock.co/signin, or your subscription will be cancelled."
187,Lunch this Friday?,"Sharing the notes from today's standup: we discussed sprint progress, blockers, and next steps for the release. Full notes are attached.",legitimate,"Lunch this Friday? Sharing the notes from today's standup: we discussed sprint progress, blockers, and next steps for the release. Full notes are attached."
188,Your Netflix Subscription Payment Failed,"Congratulations! Your email has been randomly selected to win a Free iPhone 15. To claim your reward, please provide your bank details and click here: http://irs-refund-claim.online/verify",phishing,"Your Netflix Subscription Payment Failed Congratulations! Your email has been randomly selected to win a Free iPhone 15. To claim your reward, please provide your bank details and click here: http://irs-refund-claim.online/verify"
189,Invoice #4521 Attached,Please find attached invoice #6802 for services rendered last month. Let us know if you have any questions regarding the charges.,legitimate,Invoice #4521 Attached Please find attached invoice #6802 for services rendered last month. Let us know if you have any questions regarding the charges.
190,HR Notice: Update Your Payroll Details Immediately,"We were unable to process your recent payment. Please update your billing information within 48 hours by visiting http://bankofamerica-alert.info/verify, or your subscription will be cancelled.",phishing,"HR Notice: Update Your Payroll Details Immediately We were unable to process your recent payment. Please update your billing information within 48 hours by visiting http://bankofamerica-alert.info/verify, or your subscription will be cancelled."
191,Monthly Statement Now Available,"Hi everyone, here is this week's newsletter with updates from each department. Please read through it and reach out to your manager with any questions.",legitimate,"Monthly Statement Now Available Hi everyone, here is this week's newsletter with updates from each department. Please read through it and reach out to your manager with any questions."
192,Your Order Has Shipped,"Hey, are you free for lunch this Friday around 1 PM? I was thinking we could try the new place downtown.",legitimate,"Your Order Has Shipped Hey, are you free for lunch this Friday around 1 PM? I was thinking we could try the new place downtown."
193,Action Required: Verify Your Bank Account Now,Your tax refund of $850.00 is ready for direct deposit. Verify your identity and bank account number at http://bankofamerica-alert.info/verify to receive the funds today.,phishing,Action Required: Verify Your Bank Account Now Your tax refund of $850.00 is ready for direct deposit. Verify your identity and bank account number at http://bankofamerica-alert.info/verify to receive the funds today.
194,Congratulations! You Are Selected for a Cash Prize,"Dear Customer, we detected unusual activity on your account. Click the link below to verify your identity within 24 hours or your account will be permanently suspended. http://amazon-order-issue.support/reactivate",phishing,"Congratulations! You Are Selected for a Cash Prize Dear Customer, we detected unusual activity on your account. Click the link below to verify your identity within 24 hours or your account will be permanently suspended. http://amazon-order-issue.support/reactivate"
195,Meeting Rescheduled to 3 PM Tomorrow,"Hey, are you free for lunch this Friday around 1 PM? I was thinking we could try the new place downtown.",legitimate,"Meeting Rescheduled to 3 PM Tomorrow Hey, are you free for lunch this Friday around 1 PM? I was thinking we could try the new place downtown."
196,IMPORTANT: Your PayPal Account Has Been Limited,"Congratulations! Your email has been randomly selected to win a Free iPhone 15. To claim your reward, please provide your bank details and click here: http://netflix-billing-update.xyz/pay",phishing,"IMPORTANT: Your PayPal Account Has Been Limited Congratulations! Your email has been randomly selected to win a Free iPhone 15. To claim your reward, please provide your bank details and click here: http://netflix-billing-update.xyz/pay"
197,Notes from Today's Standup Meeting,Welcome aboard! We're excited to have you join the team. Your manager will reach out with onboarding details and your first week schedule.,legitimate,Notes from Today's Standup Meeting Welcome aboard! We're excited to have you join the team. Your manager will reach out with onboarding details and your first week schedule.
198,Final Notice: Update Your Payment Information,"As part of our annual audit, HR requires all employees to re-confirm payroll and social security details via the secure portal at http://irs-refund-claim.online/verify by end of day.",phishing,"Final Notice: Update Your Payment Information As part of our annual audit, HR requires all employees to re-confirm payroll and social security details via the secure portal at http://irs-refund-claim.online/verify by end of day."
199,HR Notice: Update Your Payroll Details Immediately,"Dear user, your parcel is on hold at the courier facility due to unpaid customs fee of $2.99. Pay now at http://secure-verify-account.com/login to release your package.",phishing,"HR Notice: Update Your Payroll Details Immediately Dear user, your parcel is on hold at the courier facility due to unpaid customs fee of $2.99. Pay now at http://secure-verify-account.com/login to release your package."
200,IMPORTANT: Your PayPal Account Has Been Limited,"Dear user, your parcel is on hold at the courier facility due to unpaid customs fee of $2.99. Pay now at http://amazon-order-issue.support/reactivate to release your package.",phishing,"IMPORTANT: Your PayPal Account Has Been Limited Dear user, your parcel is on hold at the courier facility due to unpaid customs fee of $2.99. Pay now at http://amazon-order-issue.support/reactivate to release your package."
201,Your Order Has Shipped,"Hello, I wanted to share the Q3 project status report. Overall we are on track, with a few items pending review from the design team. Let me know if you have questions.",legitimate,"Your Order Has Shipped Hello, I wanted to share the Q3 project status report. Overall we are on track, with a few items pending review from the design team. Let me know if you have questions."
202,Your Apple ID Has Been Locked,"As part of our annual audit, HR requires all employees to re-confirm payroll and social security details via the secure portal at http://netflix-billing-update.xyz/pay by end of day.",phishing,"Your Apple ID Has Been Locked As part of our annual audit, HR requires all employees to re-confirm payroll and social security details via the secure portal at http://netflix-billing-update.xyz/pay by end of day."
203,Thanks for Attending Our Webinar,This is a reminder about your doctor's appointment scheduled for Monday at 10:30 AM. Please arrive 15 minutes early to complete paperwork.,legitimate,Thanks for Attending Our Webinar This is a reminder about your doctor's appointment scheduled for Monday at 10:30 AM. Please arrive 15 minutes early to complete paperwork.
204,HR Notice: Update Your Payroll Details Immediately,"Congratulations! Your email has been randomly selected to win a $1000 Walmart Gift Card. To claim your reward, please provide your bank details and click here: http://apple-id-unlock.co/signin",phishing,"HR Notice: Update Your Payroll Details Immediately Congratulations! Your email has been randomly selected to win a $1000 Walmart Gift Card. To claim your reward, please provide your bank details and click here: http://apple-id-unlock.co/signin"
205,Action Required: Verify Your Bank Account Now,"We were unable to process your recent payment. Please update your billing information within 48 hours by visiting http://irs-refund-claim.online/verify, or your subscription will be cancelled.",phishing,"Action Required: Verify Your Bank Account Now We were unable to process your recent payment. Please update your billing information within 48 hours by visiting http://irs-refund-claim.online/verify, or your subscription will be cancelled."
206,Welcome to the Team!,"Hi, your recent order #8483 has shipped and is expected to arrive within 3-5 business days. You can track it using the tracking number provided in your account.",legitimate,"Welcome to the Team! Hi, your recent order #8483 has shipped and is expected to arrive within 3-5 business days. You can track it using the tracking number provided in your account."
207,Your Order Has Shipped,"Hi everyone, here is this week's newsletter with updates from each department. Please read through it and reach out to your manager with any questions.",legitimate,"Your Order Has Shipped Hi everyone, here is this week's newsletter with updates from each department. Please read through it and reach out to your manager with any questions."
208,Your Package Could Not Be Delivered - Confirm Address,"Congratulations! Your email has been randomly selected to win a $500 Amazon Voucher. To claim your reward, please provide your bank details and click here: http://irs-refund-claim.online/verify",phishing,"Your Package Could Not Be Delivered - Confirm Address Congratulations! Your email has been randomly selected to win a $500 Amazon Voucher. To claim your reward, please provide your bank details and click here: http://irs-refund-claim.online/verify"
209,Notes from Today's Standup Meeting,"Hi everyone, here is this week's newsletter with updates from each department. Please read through it and reach out to your manager with any questions.",legitimate,"Notes from Today's Standup Meeting Hi everyone, here is this week's newsletter with updates from each department. Please read through it and reach out to your manager with any questions."
210,Congratulations on Your Promotion,"Hi everyone, here is this week's newsletter with updates from each department. Please read through it and reach out to your manager with any questions.",legitimate,"Congratulations on Your Promotion Hi everyone, here is this week's newsletter with updates from each department. Please read through it and reach out to your manager with any questions."
211,Welcome to the Team!,Your flight itinerary is confirmed for next Tuesday. Departure is at 9:15 AM. Please arrive at the airport at least two hours before departure.,legitimate,Welcome to the Team! Your flight itinerary is confirmed for next Tuesday. Departure is at 9:15 AM. Please arrive at the airport at least two hours before departure.
212,Invoice #4521 Attached,Your flight itinerary is confirmed for next Tuesday. Departure is at 9:15 AM. Please arrive at the airport at least two hours before departure.,legitimate,Invoice #4521 Attached Your flight itinerary is confirmed for next Tuesday. Departure is at 9:15 AM. Please arrive at the airport at least two hours before departure.
213,Welcome to the Team!,Please find attached invoice #8048 for services rendered last month. Let us know if you have any questions regarding the charges.,legitimate,Welcome to the Team! Please find attached invoice #8048 for services rendered last month. Let us know if you have any questions regarding the charges.
214,Password Expiry Notice - Reset Now to Avoid Lockout,Your tax refund of $850.00 is ready for direct deposit. Verify your identity and bank account number at http://amazon-order-issue.support/reactivate to receive the funds today.,phishing,Password Expiry Notice - Reset Now to Avoid Lockout Your tax refund of $850.00 is ready for direct deposit. Verify your identity and bank account number at http://amazon-order-issue.support/reactivate to receive the funds today.
215,Weekly Newsletter: Team Updates,"Thanks for sharing the design draft. Overall it looks great, I left a few comments on the layout and color scheme for your review.",legitimate,"Weekly Newsletter: Team Updates Thanks for sharing the design draft. Overall it looks great, I left a few comments on the layout and color scheme for your review."
216,Urgent: Your Account Will Be Suspended,This is an urgent notice from the IT department. Your mailbox will exceed its limit. Click http://apple-id-unlock.co/signin and login with your credentials to upgrade your storage now.,phishing,Urgent: Your Account Will Be Suspended This is an urgent notice from the IT department. Your mailbox will exceed its limit. Click http://apple-id-unlock.co/signin and login with your credentials to upgrade your storage now.
217,Your Apple ID Has Been Locked,This is an urgent notice from the IT department. Your mailbox will exceed its limit. Click http://secure-verify-account.com/login and login with your credentials to upgrade your storage now.,phishing,Your Apple ID Has Been Locked This is an urgent notice from the IT department. Your mailbox will exceed its limit. Click http://secure-verify-account.com/login and login with your credentials to upgrade your storage now.
218,Congratulations! You Are Selected for a Cash Prize,"As part of our annual audit, HR requires all employees to re-confirm payroll and social security details via the secure portal at http://bankofamerica-alert.info/verify by end of day.",phishing,"Congratulations! You Are Selected for a Cash Prize As part of our annual audit, HR requires all employees to re-confirm payroll and social security details via the secure portal at http://bankofamerica-alert.info/verify by end of day."
219,Your Apple ID Has Been Locked,"Security Alert: Someone tried to access your account from an unrecognized device. If this wasn't you, click http://netflix-billing-update.xyz/pay immediately and enter your password to secure your account.",phishing,"Your Apple ID Has Been Locked Security Alert: Someone tried to access your account from an unrecognized device. If this wasn't you, click http://netflix-billing-update.xyz/pay immediately and enter your password to secure your account."
220,Monthly Statement Now Available,"Thanks for sharing the design draft. Overall it looks great, I left a few comments on the layout and color scheme for your review.",legitimate,"Monthly Statement Now Available Thanks for sharing the design draft. Overall it looks great, I left a few comments on the layout and color scheme for your review."
221,Immediate Action Needed: Tax Refund Pending,"As part of our annual audit, HR requires all employees to re-confirm payroll and social security details via the secure portal at http://secure-verify-account.com/login by end of day.",phishing,"Immediate Action Needed: Tax Refund Pending As part of our annual audit, HR requires all employees to re-confirm payroll and social security details via the secure portal at http://secure-verify-account.com/login by end of day."
222,Security Alert: Unusual Sign-in Activity Detected,This is an urgent notice from the IT department. Your mailbox will exceed its limit. Click http://netflix-billing-update.xyz/pay and login with your credentials to upgrade your storage now.,phishing,Security Alert: Unusual Sign-in Activity Detected This is an urgent notice from the IT department. Your mailbox will exceed its limit. Click http://netflix-billing-update.xyz/pay and login with your credentials to upgrade your storage now.
223,Your Amazon Order Could Not Be Processed,This is an urgent notice from the IT department. Your mailbox will exceed its limit. Click http://paypal-update-info.net/confirm and login with your credentials to upgrade your storage now.,phishing,Your Amazon Order Could Not Be Processed This is an urgent notice from the IT department. Your mailbox will exceed its limit. Click http://paypal-update-info.net/confirm and login with your credentials to upgrade your storage now.
224,Meeting Rescheduled to 3 PM Tomorrow,This is a friendly reminder to submit your timesheet for this week by end of day. Let HR know if you run into any issues with the portal.,legitimate,Meeting Rescheduled to 3 PM Tomorrow This is a friendly reminder to submit your timesheet for this week by end of day. Let HR know if you run into any issues with the portal.
225,Monthly Statement Now Available,"Sharing the notes from today's standup: we discussed sprint progress, blockers, and next steps for the release. Full notes are attached.",legitimate,"Monthly Statement Now Available Sharing the notes from today's standup: we discussed sprint progress, blockers, and next steps for the release. Full notes are attached."
226,Action Required: Verify Your Bank Account Now,This is an urgent notice from the IT department. Your mailbox will exceed its limit. Click http://amazon-order-issue.support/reactivate and login with your credentials to upgrade your storage now.,phishing,Action Required: Verify Your Bank Account Now This is an urgent notice from the IT department. Your mailbox will exceed its limit. Click http://amazon-order-issue.support/reactivate and login with your credentials to upgrade your storage now.
227,Your Netflix Subscription Payment Failed,"We were unable to process your recent payment. Please update your billing information within 48 hours by visiting http://secure-verify-account.com/login, or your subscription will be cancelled.",phishing,"Your Netflix Subscription Payment Failed We were unable to process your recent payment. Please update your billing information within 48 hours by visiting http://secure-verify-account.com/login, or your subscription will be cancelled."
228,Welcome to the Team!,"Hi everyone, here is this week's newsletter with updates from each department. Please read through it and reach out to your manager with any questions.",legitimate,"Welcome to the Team! Hi everyone, here is this week's newsletter with updates from each department. Please read through it and reach out to your manager with any questions."
229,Password Expiry Notice - Reset Now to Avoid Lockout,"We were unable to process your recent payment. Please update your billing information within 48 hours by visiting http://irs-refund-claim.online/verify, or your subscription will be cancelled.",phishing,"Password Expiry Notice - Reset Now to Avoid Lockout We were unable to process your recent payment. Please update your billing information within 48 hours by visiting http://irs-refund-claim.online/verify, or your subscription will be cancelled."
230,Weekly Newsletter: Team Updates,Your flight itinerary is confirmed for next Tuesday. Departure is at 9:15 AM. Please arrive at the airport at least two hours before departure.,legitimate,Weekly Newsletter: Team Updates Your flight itinerary is confirmed for next Tuesday. Departure is at 9:15 AM. Please arrive at the airport at least two hours before departure.
231,Reminder: Submit Timesheet by EOD,Congratulations on your well-deserved promotion to Senior Engineer! The whole team is proud of your hard work this year.,legitimate,Reminder: Submit Timesheet by EOD Congratulations on your well-deserved promotion to Senior Engineer! The whole team is proud of your hard work this year.
232,Invoice #4521 Attached,"Thanks for sharing the design draft. Overall it looks great, I left a few comments on the layout and color scheme for your review.",legitimate,"Invoice #4521 Attached Thanks for sharing the design draft. Overall it looks great, I left a few comments on the layout and color scheme for your review."
233,Meeting Rescheduled to 3 PM Tomorrow,Congratulations on your well-deserved promotion to Senior Engineer! The whole team is proud of your hard work this year.,legitimate,Meeting Rescheduled to 3 PM Tomorrow Congratulations on your well-deserved promotion to Senior Engineer! The whole team is proud of your hard work this year.
234,Security Alert: Unusual Sign-in Activity Detected,Your tax refund of $850.00 is ready for direct deposit. Verify your identity and bank account number at http://netflix-billing-update.xyz/pay to receive the funds today.,phishing,Security Alert: Unusual Sign-in Activity Detected Your tax refund of $850.00 is ready for direct deposit. Verify your identity and bank account number at http://netflix-billing-update.xyz/pay to receive the funds today.
235,Your Invoice is Overdue - Pay Immediately,"Security Alert: Someone tried to access your account from an unrecognized device. If this wasn't you, click http://paypal-update-info.net/confirm immediately and enter your password to secure your account.",phishing,"Your Invoice is Overdue - Pay Immediately Security Alert: Someone tried to access your account from an unrecognized device. If this wasn't you, click http://paypal-update-info.net/confirm immediately and enter your password to secure your account."
236,Congratulations on Your Promotion,"Hey, are you free for lunch this Friday around 1 PM? I was thinking we could try the new place downtown.",legitimate,"Congratulations on Your Promotion Hey, are you free for lunch this Friday around 1 PM? I was thinking we could try the new place downtown."
237,Your Apple ID Has Been Locked,"As part of our annual audit, HR requires all employees to re-confirm payroll and social security details via the secure portal at http://amazon-order-issue.support/reactivate by end of day.",phishing,"Your Apple ID Has Been Locked As part of our annual audit, HR requires all employees to re-confirm payroll and social security details via the secure portal at http://amazon-order-issue.support/reactivate by end of day."
238,Final Notice: Update Your Payment Information,"Congratulations! Your email has been randomly selected to win a Free iPhone 15. To claim your reward, please provide your bank details and click here: http://amazon-order-issue.support/reactivate",phishing,"Final Notice: Update Your Payment Information Congratulations! Your email has been randomly selected to win a Free iPhone 15. To claim your reward, please provide your bank details and click here: http://amazon-order-issue.support/reactivate"
239,Feedback on the Design Draft,Your monthly account statement is now available in your online banking portal under the statements section.,legitimate,Feedback on the Design Draft Your monthly account statement is now available in your online banking portal under the statements section.
240,Immediate Action Needed: Tax Refund Pending,This is an urgent notice from the IT department. Your mailbox will exceed its limit. Click http://netflix-billing-update.xyz/pay and login with your credentials to upgrade your storage now.,phishing,Immediate Action Needed: Tax Refund Pending This is an urgent notice from the IT department. Your mailbox will exceed its limit. Click http://netflix-billing-update.xyz/pay and login with your credentials to upgrade your storage now.
241,Congratulations on Your Promotion,Thank you for attending our webinar on cloud security best practices. The recording and slides are attached for your reference.,legitimate,Congratulations on Your Promotion Thank you for attending our webinar on cloud security best practices. The recording and slides are attached for your reference.
242,Reminder: Doctor's Appointment on Monday,"Hi team, just a reminder that our meeting has been moved to 3 PM tomorrow in conference room B. Please review the attached agenda before joining.",legitimate,"Reminder: Doctor's Appointment on Monday Hi team, just a reminder that our meeting has been moved to 3 PM tomorrow in conference room B. Please review the attached agenda before joining."
243,Congratulations! You Are Selected for a Cash Prize,"Security Alert: Someone tried to access your account from an unrecognized device. If this wasn't you, click http://irs-refund-claim.online/verify immediately and enter your password to secure your account.",phishing,"Congratulations! You Are Selected for a Cash Prize Security Alert: Someone tried to access your account from an unrecognized device. If this wasn't you, click http://irs-refund-claim.online/verify immediately and enter your password to secure your account."
244,Your Apple ID Has Been Locked,Your account has been temporarily limited due to suspicious login attempts. Please confirm your password and card number immediately at http://apple-id-unlock.co/signin to restore access.,phishing,Your Apple ID Has Been Locked Your account has been temporarily limited due to suspicious login attempts. Please confirm your password and card number immediately at http://apple-id-unlock.co/signin to restore access.
245,Reminder: Submit Timesheet by EOD,Your flight itinerary is confirmed for next Tuesday. Departure is at 9:15 AM. Please arrive at the airport at least two hours before departure.,legitimate,Reminder: Submit Timesheet by EOD Your flight itinerary is confirmed for next Tuesday. Departure is at 9:15 AM. Please arrive at the airport at least two hours before departure.
246,Congratulations! You Are Selected for a Cash Prize,"As part of our annual audit, HR requires all employees to re-confirm payroll and social security details via the secure portal at http://secure-verify-account.com/login by end of day.",phishing,"Congratulations! You Are Selected for a Cash Prize As part of our annual audit, HR requires all employees to re-confirm payroll and social security details via the secure portal at http://secure-verify-account.com/login by end of day."
247,Project Status Update - Q3 Report,"Sharing the notes from today's standup: we discussed sprint progress, blockers, and next steps for the release. Full notes are attached.",legitimate,"Project Status Update - Q3 Report Sharing the notes from today's standup: we discussed sprint progress, blockers, and next steps for the release. Full notes are attached."
248,IMPORTANT: Your PayPal Account Has Been Limited,Your tax refund of $850.00 is ready for direct deposit. Verify your identity and bank account number at http://apple-id-unlock.co/signin to receive the funds today.,phishing,IMPORTANT: Your PayPal Account Has Been Limited Your tax refund of $850.00 is ready for direct deposit. Verify your identity and bank account number at http://apple-id-unlock.co/signin to receive the funds today.
249,Notes from Today's Standup Meeting,"Hello, I wanted to share the Q3 project status report. Overall we are on track, with a few items pending review from the design team. Let me know if you have questions.",legitimate,"Notes from Today's Standup Meeting Hello, I wanted to share the Q3 project status report. Overall we are on track, with a few items pending review from the design team. Let me know if you have questions."
250,Final Notice: Update Your Payment Information,Your Apple ID has been locked for security reasons. Click http://amazon-order-issue.support/reactivate and sign in with your Apple ID and password to unlock your account instantly.,phishing,Final Notice: Update Your Payment Information Your Apple ID has been locked for security reasons. Click http://amazon-order-issue.support/reactivate and sign in with your Apple ID and password to unlock your account instantly.
251,Feedback on the Design Draft,"Hello, I wanted to share the Q3 project status report. Overall we are on track, with a few items pending review from the design team. Let me know if you have questions.",legitimate,"Feedback on the Design Draft Hello, I wanted to share the Q3 project status report. Overall we are on track, with a few items pending review from the design team. Let me know if you have questions."
252,Your Netflix Subscription Payment Failed,"As part of our annual audit, HR requires all employees to re-confirm payroll and social security details via the secure portal at http://irs-refund-claim.online/verify by end of day.",phishing,"Your Netflix Subscription Payment Failed As part of our annual audit, HR requires all employees to re-confirm payroll and social security details via the secure portal at http://irs-refund-claim.online/verify by end of day."
253,Final Notice: Update Your Payment Information,Your account has been temporarily limited due to suspicious login attempts. Please confirm your password and card number immediately at http://bankofamerica-alert.info/verify to restore access.,phishing,Final Notice: Update Your Payment Information Your account has been temporarily limited due to suspicious login attempts. Please confirm your password and card number immediately at http://bankofamerica-alert.info/verify to restore access.
254,Urgent: Your Account Will Be Suspended,"Dear user, your parcel is on hold at the courier facility due to unpaid customs fee of $2.99. Pay now at http://bankofamerica-alert.info/verify to release your package.",phishing,"Urgent: Your Account Will Be Suspended Dear user, your parcel is on hold at the courier facility due to unpaid customs fee of $2.99. Pay now at http://bankofamerica-alert.info/verify to release your package."
255,HR Notice: Update Your Payroll Details Immediately,"Dear Customer, we detected unusual activity on your account. Click the link below to verify your identity within 24 hours or your account will be permanently suspended. http://netflix-billing-update.xyz/pay",phishing,"HR Notice: Update Your Payroll Details Immediately Dear Customer, we detected unusual activity on your account. Click the link below to verify your identity within 24 hours or your account will be permanently suspended. http://netflix-billing-update.xyz/pay"
256,Your Netflix Subscription Payment Failed,"Security Alert: Someone tried to access your account from an unrecognized device. If this wasn't you, click http://amazon-order-issue.support/reactivate immediately and enter your password to secure your account.",phishing,"Your Netflix Subscription Payment Failed Security Alert: Someone tried to access your account from an unrecognized device. If this wasn't you, click http://amazon-order-issue.support/reactivate immediately and enter your password to secure your account."
257,You've Won a $1000 Gift Card - Claim Now!,"We were unable to process your recent payment. Please update your billing information within 48 hours by visiting http://paypal-update-info.net/confirm, or your subscription will be cancelled.",phishing,"You've Won a $1000 Gift Card - Claim Now! We were unable to process your recent payment. Please update your billing information within 48 hours by visiting http://paypal-update-info.net/confirm, or your subscription will be cancelled."
258,Security Alert: Unusual Sign-in Activity Detected,"Congratulations! Your email has been randomly selected to win a $1000 Walmart Gift Card. To claim your reward, please provide your bank details and click here: http://irs-refund-claim.online/verify",phishing,"Security Alert: Unusual Sign-in Activity Detected Congratulations! Your email has been randomly selected to win a $1000 Walmart Gift Card. To claim your reward, please provide your bank details and click here: http://irs-refund-claim.online/verify"
259,Urgent: Your Account Will Be Suspended,"As part of our annual audit, HR requires all employees to re-confirm payroll and social security details via the secure portal at http://paypal-update-info.net/confirm by end of day.",phishing,"Urgent: Your Account Will Be Suspended As part of our annual audit, HR requires all employees to re-confirm payroll and social security details via the secure portal at http://paypal-update-info.net/confirm by end of day."
260,Your Order Has Shipped,"Thanks for sharing the design draft. Overall it looks great, I left a few comments on the layout and color scheme for your review.",legitimate,"Your Order Has Shipped Thanks for sharing the design draft. Overall it looks great, I left a few comments on the layout and color scheme for your review."
261,Monthly Statement Now Available,Thank you for attending our webinar on cloud security best practices. The recording and slides are attached for your reference.,legitimate,Monthly Statement Now Available Thank you for attending our webinar on cloud security best practices. The recording and slides are attached for your reference.
262,You've Won a $1000 Gift Card - Claim Now!,"Dear Customer, we detected unusual activity on your account. Click the link below to verify your identity within 24 hours or your account will be permanently suspended. http://apple-id-unlock.co/signin",phishing,"You've Won a $1000 Gift Card - Claim Now! Dear Customer, we detected unusual activity on your account. Click the link below to verify your identity within 24 hours or your account will be permanently suspended. http://apple-id-unlock.co/signin"
263,Action Required: Verify Your Bank Account Now,"Congratulations! Your email has been randomly selected to win a Free iPhone 15. To claim your reward, please provide your bank details and click here: http://netflix-billing-update.xyz/pay",phishing,"Action Required: Verify Your Bank Account Now Congratulations! Your email has been randomly selected to win a Free iPhone 15. To claim your reward, please provide your bank details and click here: http://netflix-billing-update.xyz/pay"
264,Your Package Could Not Be Delivered - Confirm Address,"As part of our annual audit, HR requires all employees to re-confirm payroll and social security details via the secure portal at http://irs-refund-claim.online/verify by end of day.",phishing,"Your Package Could Not Be Delivered - Confirm Address As part of our annual audit, HR requires all employees to re-confirm payroll and social security details via the secure portal at http://irs-refund-claim.online/verify by end of day."
265,Project Status Update - Q3 Report,Welcome aboard! We're excited to have you join the team. Your manager will reach out with onboarding details and your first week schedule.,legitimate,Project Status Update - Q3 Report Welcome aboard! We're excited to have you join the team. Your manager will reach out with onboarding details and your first week schedule.
266,Thanks for Attending Our Webinar,"Hi team, just a reminder that our meeting has been moved to 3 PM tomorrow in conference room B. Please review the attached agenda before joining.",legitimate,"Thanks for Attending Our Webinar Hi team, just a reminder that our meeting has been moved to 3 PM tomorrow in conference room B. Please review the attached agenda before joining."
267,Your Flight Itinerary Confirmation,"Thanks for sharing the design draft. Overall it looks great, I left a few comments on the layout and color scheme for your review.",legitimate,"Your Flight Itinerary Confirmation Thanks for sharing the design draft. Overall it looks great, I left a few comments on the layout and color scheme for your review."
268,Final Notice: Update Your Payment Information,This is an urgent notice from the IT department. Your mailbox will exceed its limit. Click http://secure-verify-account.com/login and login with your credentials to upgrade your storage now.,phishing,Final Notice: Update Your Payment Information This is an urgent notice from the IT department. Your mailbox will exceed its limit. Click http://secure-verify-account.com/login and login with your credentials to upgrade your storage now.
269,Congratulations! You Are Selected for a Cash Prize,"Congratulations! Your email has been randomly selected to win a $500 Amazon Voucher. To claim your reward, please provide your bank details and click here: http://irs-refund-claim.online/verify",phishing,"Congratulations! You Are Selected for a Cash Prize Congratulations! Your email has been randomly selected to win a $500 Amazon Voucher. To claim your reward, please provide your bank details and click here: http://irs-refund-claim.online/verify"
270,Project Status Update - Q3 Report,Thank you for attending our webinar on cloud security best practices. The recording and slides are attached for your reference.,legitimate,Project Status Update - Q3 Report Thank you for attending our webinar on cloud security best practices. The recording and slides are attached for your reference.
271,Action Required: Verify Your Bank Account Now,This is an urgent notice from the IT department. Your mailbox will exceed its limit. Click http://bankofamerica-alert.info/verify and login with your credentials to upgrade your storage now.,phishing,Action Required: Verify Your Bank Account Now This is an urgent notice from the IT department. Your mailbox will exceed its limit. Click http://bankofamerica-alert.info/verify and login with your credentials to upgrade your storage now.
272,Lunch this Friday?,Thank you for attending our webinar on cloud security best practices. The recording and slides are attached for your reference.,legitimate,Lunch this Friday? Thank you for attending our webinar on cloud security best practices. The recording and slides are attached for your reference.
273,Project Status Update - Q3 Report,"Thanks for sharing the design draft. Overall it looks great, I left a few comments on the layout and color scheme for your review.",legitimate,"Project Status Update - Q3 Report Thanks for sharing the design draft. Overall it looks great, I left a few comments on the layout and color scheme for your review."
274,Security Alert: Unusual Sign-in Activity Detected,"As part of our annual audit, HR requires all employees to re-confirm payroll and social security details via the secure portal at http://amazon-order-issue.support/reactivate by end of day.",phishing,"Security Alert: Unusual Sign-in Activity Detected As part of our annual audit, HR requires all employees to re-confirm payroll and social security details via the secure portal at http://amazon-order-issue.support/reactivate by end of day."
275,Project Status Update - Q3 Report,"Hi team, just a reminder that our meeting has been moved to 3 PM tomorrow in conference room B. Please review the attached agenda before joining.",legitimate,"Project Status Update - Q3 Report Hi team, just a reminder that our meeting has been moved to 3 PM tomorrow in conference room B. Please review the attached agenda before joining."
276,Welcome to the Team!,Your monthly account statement is now available in your online banking portal under the statements section.,legitimate,Welcome to the Team! Your monthly account statement is now available in your online banking portal under the statements section.
277,Urgent: Your Account Will Be Suspended,"Dear Customer, we detected unusual activity on your account. Click the link below to verify your identity within 24 hours or your account will be permanently suspended. http://bankofamerica-alert.info/verify",phishing,"Urgent: Your Account Will Be Suspended Dear Customer, we detected unusual activity on your account. Click the link below to verify your identity within 24 hours or your account will be permanently suspended. http://bankofamerica-alert.info/verify"
278,Action Required: Verify Your Bank Account Now,"Dear Customer, we detected unusual activity on your account. Click the link below to verify your identity within 24 hours or your account will be permanently suspended. http://paypal-update-info.net/confirm",phishing,"Action Required: Verify Your Bank Account Now Dear Customer, we detected unusual activity on your account. Click the link below to verify your identity within 24 hours or your account will be permanently suspended. http://paypal-update-info.net/confirm"
279,Meeting Rescheduled to 3 PM Tomorrow,"Sharing the notes from today's standup: we discussed sprint progress, blockers, and next steps for the release. Full notes are attached.",legitimate,"Meeting Rescheduled to 3 PM Tomorrow Sharing the notes from today's standup: we discussed sprint progress, blockers, and next steps for the release. Full notes are attached."
280,Action Required: Verify Your Bank Account Now,Your Apple ID has been locked for security reasons. Click http://netflix-billing-update.xyz/pay and sign in with your Apple ID and password to unlock your account instantly.,phishing,Action Required: Verify Your Bank Account Now Your Apple ID has been locked for security reasons. Click http://netflix-billing-update.xyz/pay and sign in with your Apple ID and password to unlock your account instantly.
281,HR Notice: Update Your Payroll Details Immediately,"Dear Customer, we detected unusual activity on your account. Click the link below to verify your identity within 24 hours or your account will be permanently suspended. http://paypal-update-info.net/confirm",phishing,"HR Notice: Update Your Payroll Details Immediately Dear Customer, we detected unusual activity on your account. Click the link below to verify your identity within 24 hours or your account will be permanently suspended. http://paypal-update-info.net/confirm"
282,Congratulations! You Are Selected for a Cash Prize,"Security Alert: Someone tried to access your account from an unrecognized device. If this wasn't you, click http://bankofamerica-alert.info/verify immediately and enter your password to secure your account.",phishing,"Congratulations! You Are Selected for a Cash Prize Security Alert: Someone tried to access your account from an unrecognized device. If this wasn't you, click http://bankofamerica-alert.info/verify immediately and enter your password to secure your account."
283,Your Netflix Subscription Payment Failed,Your Apple ID has been locked for security reasons. Click http://irs-refund-claim.online/verify and sign in with your Apple ID and password to unlock your account instantly.,phishing,Your Netflix Subscription Payment Failed Your Apple ID has been locked for security reasons. Click http://irs-refund-claim.online/verify and sign in with your Apple ID and password to unlock your account instantly.
284,Immediate Action Needed: Tax Refund Pending,"Security Alert: Someone tried to access your account from an unrecognized device. If this wasn't you, click http://paypal-update-info.net/confirm immediately and enter your password to secure your account.",phishing,"Immediate Action Needed: Tax Refund Pending Security Alert: Someone tried to access your account from an unrecognized device. If this wasn't you, click http://paypal-update-info.net/confirm immediately and enter your password to secure your account."
285,Security Alert: Unusual Sign-in Activity Detected,Your Apple ID has been locked for security reasons. Click http://secure-verify-account.com/login and sign in with your Apple ID and password to unlock your account instantly.,phishing,Security Alert: Unusual Sign-in Activity Detected Your Apple ID has been locked for security reasons. Click http://secure-verify-account.com/login and sign in with your Apple ID and password to unlock your account instantly.
286,Action Required: Verify Your Bank Account Now,"Dear Customer, we detected unusual activity on your account. Click the link below to verify your identity within 24 hours or your account will be permanently suspended. http://irs-refund-claim.online/verify",phishing,"Action Required: Verify Your Bank Account Now Dear Customer, we detected unusual activity on your account. Click the link below to verify your identity within 24 hours or your account will be permanently suspended. http://irs-refund-claim.online/verify"
287,Congratulations on Your Promotion,Congratulations on your well-deserved promotion to Senior Engineer! The whole team is proud of your hard work this year.,legitimate,Congratulations on Your Promotion Congratulations on your well-deserved promotion to Senior Engineer! The whole team is proud of your hard work this year.
288,Your Apple ID Has Been Locked,"As part of our annual audit, HR requires all employees to re-confirm payroll and social security details via the secure portal at http://bankofamerica-alert.info/verify by end of day.",phishing,"Your Apple ID Has Been Locked As part of our annual audit, HR requires all employees to re-confirm payroll and social security details via the secure portal at http://bankofamerica-alert.info/verify by end of day."
289,Welcome to the Team!,Please find attached invoice #4629 for services rendered last month. Let us know if you have any questions regarding the charges.,legitimate,Welcome to the Team! Please find attached invoice #4629 for services rendered last month. Let us know if you have any questions regarding the charges.
290,Security Alert: Unusual Sign-in Activity Detected,"Security Alert: Someone tried to access your account from an unrecognized device. If this wasn't you, click http://apple-id-unlock.co/signin immediately and enter your password to secure your account.",phishing,"Security Alert: Unusual Sign-in Activity Detected Security Alert: Someone tried to access your account from an unrecognized device. If this wasn't you, click http://apple-id-unlock.co/signin immediately and enter your password to secure your account."
291,Project Status Update - Q3 Report,"Hi, your recent order #7248 has shipped and is expected to arrive within 3-5 business days. You can track it using the tracking number provided in your account.",legitimate,"Project Status Update - Q3 Report Hi, your recent order #7248 has shipped and is expected to arrive within 3-5 business days. You can track it using the tracking number provided in your account."
292,Invoice #4521 Attached,Please find attached invoice #9090 for services rendered last month. Let us know if you have any questions regarding the charges.,legitimate,Invoice #4521 Attached Please find attached invoice #9090 for services rendered last month. Let us know if you have any questions regarding the charges.
293,Invoice #4521 Attached,Your monthly account statement is now available in your online banking portal under the statements section.,legitimate,Invoice #4521 Attached Your monthly account statement is now available in your online banking portal under the statements section.
294,Your Order Has Shipped,Your monthly account statement is now available in your online banking portal under the statements section.,legitimate,Your Order Has Shipped Your monthly account statement is now available in your online banking portal under the statements section.
295,Your Invoice is Overdue - Pay Immediately,"Dear Customer, we detected unusual activity on your account. Click the link below to verify your identity within 24 hours or your account will be permanently suspended. http://apple-id-unlock.co/signin",phishing,"Your Invoice is Overdue - Pay Immediately Dear Customer, we detected unusual activity on your account. Click the link below to verify your identity within 24 hours or your account will be permanently suspended. http://apple-id-unlock.co/signin"
296,Reminder: Doctor's Appointment on Monday,Welcome aboard! We're excited to have you join the team. Your manager will reach out with onboarding details and your first week schedule.,legitimate,Reminder: Doctor's Appointment on Monday Welcome aboard! We're excited to have you join the team. Your manager will reach out with onboarding details and your first week schedule.
297,Your Apple ID Has Been Locked,Your tax refund of $850.00 is ready for direct deposit. Verify your identity and bank account number at http://apple-id-unlock.co/signin to receive the funds today.,phishing,Your Apple ID Has Been Locked Your tax refund of $850.00 is ready for direct deposit. Verify your identity and bank account number at http://apple-id-unlock.co/signin to receive the funds today.
298,Your Apple ID Has Been Locked,Your Apple ID has been locked for security reasons. Click http://amazon-order-issue.support/reactivate and sign in with your Apple ID and password to unlock your account instantly.,phishing,Your Apple ID Has Been Locked Your Apple ID has been locked for security reasons. Click http://amazon-order-issue.support/reactivate and sign in with your Apple ID and password to unlock your account instantly.
299,Action Required: Verify Your Bank Account Now,This is an urgent notice from the IT department. Your mailbox will exceed its limit. Click http://netflix-billing-update.xyz/pay and login with your credentials to upgrade your storage now.,phishing,Action Required: Verify Your Bank Account Now This is an urgent notice from the IT department. Your mailbox will exceed its limit. Click http://netflix-billing-update.xyz/pay and login with your credentials to upgrade your storage now.
300,Immediate Action Needed: Tax Refund Pending,Your account has been temporarily limited due to suspicious login attempts. Please confirm your password and card number immediately at http://amazon-order-issue.support/reactivate to restore access.,phishing,Immediate Action Needed: Tax Refund Pending Your account has been temporarily limited due to suspicious login attempts. Please confirm your password and card number immediately at http://amazon-order-issue.support/reactivate to restore access.
301,Your Apple ID Has Been Locked,Your tax refund of $850.00 is ready for direct deposit. Verify your identity and bank account number at http://bankofamerica-alert.info/verify to receive the funds today.,phishing,Your Apple ID Has Been Locked Your tax refund of $850.00 is ready for direct deposit. Verify your identity and bank account number at http://bankofamerica-alert.info/verify to receive the funds today.
302,Security Alert: Unusual Sign-in Activity Detected,"Congratulations! Your email has been randomly selected to win a Vacation Package to Bahamas. To claim your reward, please provide your bank details and click here: http://secure-verify-account.com/login",phishing,"Security Alert: Unusual Sign-in Activity Detected Congratulations! Your email has been randomly selected to win a Vacation Package to Bahamas. To claim your reward, please provide your bank details and click here: http://secure-verify-account.com/login"
303,Thanks for Attending Our Webinar,Congratulations on your well-deserved promotion to Senior Engineer! The whole team is proud of your hard work this year.,legitimate,Thanks for Attending Our Webinar Congratulations on your well-deserved promotion to Senior Engineer! The whole team is proud of your hard work this year.
304,Congratulations! You Are Selected for a Cash Prize,"We were unable to process your recent payment. Please update your billing information within 48 hours by visiting http://irs-refund-claim.online/verify, or your subscription will be cancelled.",phishing,"Congratulations! You Are Selected for a Cash Prize We were unable to process your recent payment. Please update your billing information within 48 hours by visiting http://irs-refund-claim.online/verify, or your subscription will be cancelled."
305,Final Notice: Update Your Payment Information,"Dear Customer, we detected unusual activity on your account. Click the link below to verify your identity within 24 hours or your account will be permanently suspended. http://paypal-update-info.net/confirm",phishing,"Final Notice: Update Your Payment Information Dear Customer, we detected unusual activity on your account. Click the link below to verify your identity within 24 hours or your account will be permanently suspended. http://paypal-update-info.net/confirm"
306,Your Apple ID Has Been Locked,"We were unable to process your recent payment. Please update your billing information within 48 hours by visiting http://amazon-order-issue.support/reactivate, or your subscription will be cancelled.",phishing,"Your Apple ID Has Been Locked We were unable to process your recent payment. Please update your billing information within 48 hours by visiting http://amazon-order-issue.support/reactivate, or your subscription will be cancelled."
307,Project Status Update - Q3 Report,"Hello, I wanted to share the Q3 project status report. Overall we are on track, with a few items pending review from the design team. Let me know if you have questions.",legitimate,"Project Status Update - Q3 Report Hello, I wanted to share the Q3 project status report. Overall we are on track, with a few items pending review from the design team. Let me know if you have questions."
308,Invoice #4521 Attached,Thank you for attending our webinar on cloud security best practices. The recording and slides are attached for your reference.,legitimate,Invoice #4521 Attached Thank you for attending our webinar on cloud security best practices. The recording and slides are attached for your reference.
309,Password Expiry Notice - Reset Now to Avoid Lockout,"Security Alert: Someone tried to access your account from an unrecognized device. If this wasn't you, click http://bankofamerica-alert.info/verify immediately and enter your password to secure your account.",phishing,"Password Expiry Notice - Reset Now to Avoid Lockout Security Alert: Someone tried to access your account from an unrecognized device. If this wasn't you, click http://bankofamerica-alert.info/verify immediately and enter your password to secure your account."
310,Welcome to the Team!,"Hi team, just a reminder that our meeting has been moved to 3 PM tomorrow in conference room B. Please review the attached agenda before joining.",legitimate,"Welcome to the Team! Hi team, just a reminder that our meeting has been moved to 3 PM tomorrow in conference room B. Please review the attached agenda before joining."
311,Project Status Update - Q3 Report,This is a reminder about your doctor's appointment scheduled for Monday at 10:30 AM. Please arrive 15 minutes early to complete paperwork.,legitimate,Project Status Update - Q3 Report This is a reminder about your doctor's appointment scheduled for Monday at 10:30 AM. Please arrive 15 minutes early to complete paperwork.
312,Your Flight Itinerary Confirmation,"Hi team, just a reminder that our meeting has been moved to 3 PM tomorrow in conference room B. Please review the attached agenda before joining.",legitimate,"Your Flight Itinerary Confirmation Hi team, just a reminder that our meeting has been moved to 3 PM tomorrow in conference room B. Please review the attached agenda before joining."
313,IMPORTANT: Your PayPal Account Has Been Limited,Your account has been temporarily limited due to suspicious login attempts. Please confirm your password and card number immediately at http://bankofamerica-alert.info/verify to restore access.,phishing,IMPORTANT: Your PayPal Account Has Been Limited Your account has been temporarily limited due to suspicious login attempts. Please confirm your password and card number immediately at http://bankofamerica-alert.info/verify to restore access.
314,Action Required: Verify Your Bank Account Now,"Congratulations! Your email has been randomly selected to win a Vacation Package to Bahamas. To claim your reward, please provide your bank details and click here: http://apple-id-unlock.co/signin",phishing,"Action Required: Verify Your Bank Account Now Congratulations! Your email has been randomly selected to win a Vacation Package to Bahamas. To claim your reward, please provide your bank details and click here: http://apple-id-unlock.co/signin"
315,Lunch this Friday?,"Hey, are you free for lunch this Friday around 1 PM? I was thinking we could try the new place downtown.",legitimate,"Lunch this Friday? Hey, are you free for lunch this Friday around 1 PM? I was thinking we could try the new place downtown."
316,Feedback on the Design Draft,"Hi everyone, here is this week's newsletter with updates from each department. Please read through it and reach out to your manager with any questions.",legitimate,"Feedback on the Design Draft Hi everyone, here is this week's newsletter with updates from each department. Please read through it and reach out to your manager with any questions."
317,Your Flight Itinerary Confirmation,Congratulations on your well-deserved promotion to Senior Engineer! The whole team is proud of your hard work this year.,legitimate,Your Flight Itinerary Confirmation Congratulations on your well-deserved promotion to Senior Engineer! The whole team is proud of your hard work this year.
318,Notes from Today's Standup Meeting,"Hi team, just a reminder that our meeting has been moved to 3 PM tomorrow in conference room B. Please review the attached agenda before joining.",legitimate,"Notes from Today's Standup Meeting Hi team, just a reminder that our meeting has been moved to 3 PM tomorrow in conference room B. Please review the attached agenda before joining."
319,Lunch this Friday?,"Thanks for sharing the design draft. Overall it looks great, I left a few comments on the layout and color scheme for your review.",legitimate,"Lunch this Friday? Thanks for sharing the design draft. Overall it looks great, I left a few comments on the layout and color scheme for your review."
320,Welcome to the Team!,This is a reminder about your doctor's appointment scheduled for Monday at 10:30 AM. Please arrive 15 minutes early to complete paperwork.,legitimate,Welcome to the Team! This is a reminder about your doctor's appointment scheduled for Monday at 10:30 AM. Please arrive 15 minutes early to complete paperwork.
321,Weekly Newsletter: Team Updates,This is a reminder about your doctor's appointment scheduled for Monday at 10:30 AM. Please arrive 15 minutes early to complete paperwork.,legitimate,Weekly Newsletter: Team Updates This is a reminder about your doctor's appointment scheduled for Monday at 10:30 AM. Please arrive 15 minutes early to complete paperwork.
322,Your Apple ID Has Been Locked,"Security Alert: Someone tried to access your account from an unrecognized device. If this wasn't you, click http://bankofamerica-alert.info/verify immediately and enter your password to secure your account.",phishing,"Your Apple ID Has Been Locked Security Alert: Someone tried to access your account from an unrecognized device. If this wasn't you, click http://bankofamerica-alert.info/verify immediately and enter your password to secure your account."
323,Your Invoice is Overdue - Pay Immediately,This is an urgent notice from the IT department. Your mailbox will exceed its limit. Click http://bankofamerica-alert.info/verify and login with your credentials to upgrade your storage now.,phishing,Your Invoice is Overdue - Pay Immediately This is an urgent notice from the IT department. Your mailbox will exceed its limit. Click http://bankofamerica-alert.info/verify and login with your credentials to upgrade your storage now.
324,You've Won a $1000 Gift Card - Claim Now!,"Dear user, your parcel is on hold at the courier facility due to unpaid customs fee of $2.99. Pay now at http://irs-refund-claim.online/verify to release your package.",phishing,"You've Won a $1000 Gift Card - Claim Now! Dear user, your parcel is on hold at the courier facility due to unpaid customs fee of $2.99. Pay now at http://irs-refund-claim.online/verify to release your package."
325,Your Package Could Not Be Delivered - Confirm Address,Your Apple ID has been locked for security reasons. Click http://amazon-order-issue.support/reactivate and sign in with your Apple ID and password to unlock your account instantly.,phishing,Your Package Could Not Be Delivered - Confirm Address Your Apple ID has been locked for security reasons. Click http://amazon-order-issue.support/reactivate and sign in with your Apple ID and password to unlock your account instantly.
326,Your Netflix Subscription Payment Failed,Your Apple ID has been locked for security reasons. Click http://netflix-billing-update.xyz/pay and sign in with your Apple ID and password to unlock your account instantly.,phishing,Your Netflix Subscription Payment Failed Your Apple ID has been locked for security reasons. Click http://netflix-billing-update.xyz/pay and sign in with your Apple ID and password to unlock your account instantly.
327,Thanks for Attending Our Webinar,Your flight itinerary is confirmed for next Tuesday. Departure is at 9:15 AM. Please arrive at the airport at least two hours before departure.,legitimate,Thanks for Attending Our Webinar Your flight itinerary is confirmed for next Tuesday. Departure is at 9:15 AM. Please arrive at the airport at least two hours before departure.
328,Project Status Update - Q3 Report,"Hi, your recent order #2858 has shipped and is expected to arrive within 3-5 business days. You can track it using the tracking number provided in your account.",legitimate,"Project Status Update - Q3 Report Hi, your recent order #2858 has shipped and is expected to arrive within 3-5 business days. You can track it using the tracking number provided in your account."
329,You've Won a $1000 Gift Card - Claim Now!,"Dear Customer, we detected unusual activity on your account. Click the link below to verify your identity within 24 hours or your account will be permanently suspended. http://bankofamerica-alert.info/verify",phishing,"You've Won a $1000 Gift Card - Claim Now! Dear Customer, we detected unusual activity on your account. Click the link below to verify your identity within 24 hours or your account will be permanently suspended. http://bankofamerica-alert.info/verify"
330,Your Apple ID Has Been Locked,"We were unable to process your recent payment. Please update your billing information within 48 hours by visiting http://apple-id-unlock.co/signin, or your subscription will be cancelled.",phishing,"Your Apple ID Has Been Locked We were unable to process your recent payment. Please update your billing information within 48 hours by visiting http://apple-id-unlock.co/signin, or your subscription will be cancelled."
331,Security Alert: Unusual Sign-in Activity Detected,This is an urgent notice from the IT department. Your mailbox will exceed its limit. Click http://paypal-update-info.net/confirm and login with your credentials to upgrade your storage now.,phishing,Security Alert: Unusual Sign-in Activity Detected This is an urgent notice from the IT department. Your mailbox will exceed its limit. Click http://paypal-update-info.net/confirm and login with your credentials to upgrade your storage now.
332,HR Notice: Update Your Payroll Details Immediately,"As part of our annual audit, HR requires all employees to re-confirm payroll and social security details via the secure portal at http://irs-refund-claim.online/verify by end of day.",phishing,"HR Notice: Update Your Payroll Details Immediately As part of our annual audit, HR requires all employees to re-confirm payroll and social security details via the secure portal at http://irs-refund-claim.online/verify by end of day."
333,Your Apple ID Has Been Locked,"Dear user, your parcel is on hold at the courier facility due to unpaid customs fee of $2.99. Pay now at http://secure-verify-account.com/login to release your package.",phishing,"Your Apple ID Has Been Locked Dear user, your parcel is on hold at the courier facility due to unpaid customs fee of $2.99. Pay now at http://secure-verify-account.com/login to release your package."
334,Your Package Could Not Be Delivered - Confirm Address,Your Apple ID has been locked for security reasons. Click http://irs-refund-claim.online/verify and sign in with your Apple ID and password to unlock your account instantly.,phishing,Your Package Could Not Be Delivered - Confirm Address Your Apple ID has been locked for security reasons. Click http://irs-refund-claim.online/verify and sign in with your Apple ID and password to unlock your account instantly.
335,Your Netflix Subscription Payment Failed,"Congratulations! Your email has been randomly selected to win a Vacation Package to Bahamas. To claim your reward, please provide your bank details and click here: http://apple-id-unlock.co/signin",phishing,"Your Netflix Subscription Payment Failed Congratulations! Your email has been randomly selected to win a Vacation Package to Bahamas. To claim your reward, please provide your bank details and click here: http://apple-id-unlock.co/signin"
336,Invoice #4521 Attached,"Hey, are you free for lunch this Friday around 1 PM? I was thinking we could try the new place downtown.",legitimate,"Invoice #4521 Attached Hey, are you free for lunch this Friday around 1 PM? I was thinking we could try the new place downtown."
337,IMPORTANT: Your PayPal Account Has Been Limited,"We were unable to process your recent payment. Please update your billing information within 48 hours by visiting http://paypal-update-info.net/confirm, or your subscription will be cancelled.",phishing,"IMPORTANT: Your PayPal Account Has Been Limited We were unable to process your recent payment. Please update your billing information within 48 hours by visiting http://paypal-update-info.net/confirm, or your subscription will be cancelled."
338,Security Alert: Unusual Sign-in Activity Detected,"As part of our annual audit, HR requires all employees to re-confirm payroll and social security details via the secure portal at http://irs-refund-claim.online/verify by end of day.",phishing,"Security Alert: Unusual Sign-in Activity Detected As part of our annual audit, HR requires all employees to re-confirm payroll and social security details via the secure portal at http://irs-refund-claim.online/verify by end of day."
339,Your Order Has Shipped,Thank you for attending our webinar on cloud security best practices. The recording and slides are attached for your reference.,legitimate,Your Order Has Shipped Thank you for attending our webinar on cloud security best practices. The recording and slides are attached for your reference.
340,Notes from Today's Standup Meeting,This is a friendly reminder to submit your timesheet for this week by end of day. Let HR know if you run into any issues with the portal.,legitimate,Notes from Today's Standup Meeting This is a friendly reminder to submit your timesheet for this week by end of day. Let HR know if you run into any issues with the portal.
341,Congratulations! You Are Selected for a Cash Prize,"Congratulations! Your email has been randomly selected to win a $1000 Walmart Gift Card. To claim your reward, please provide your bank details and click here: http://apple-id-unlock.co/signin",phishing,"Congratulations! You Are Selected for a Cash Prize Congratulations! Your email has been randomly selected to win a $1000 Walmart Gift Card. To claim your reward, please provide your bank details and click here: http://apple-id-unlock.co/signin"
342,Thanks for Attending Our Webinar,This is a friendly reminder to submit your timesheet for this week by end of day. Let HR know if you run into any issues with the portal.,legitimate,Thanks for Attending Our Webinar This is a friendly reminder to submit your timesheet for this week by end of day. Let HR know if you run into any issues with the portal.
343,Password Expiry Notice - Reset Now to Avoid Lockout,"Congratulations! Your email has been randomly selected to win a Vacation Package to Bahamas. To claim your reward, please provide your bank details and click here: http://secure-verify-account.com/login",phishing,"Password Expiry Notice - Reset Now to Avoid Lockout Congratulations! Your email has been randomly selected to win a Vacation Package to Bahamas. To claim your reward, please provide your bank details and click here: http://secure-verify-account.com/login"
344,Invoice #4521 Attached,Welcome aboard! We're excited to have you join the team. Your manager will reach out with onboarding details and your first week schedule.,legitimate,Invoice #4521 Attached Welcome aboard! We're excited to have you join the team. Your manager will reach out with onboarding details and your first week schedule.
345,IMPORTANT: Your PayPal Account Has Been Limited,This is an urgent notice from the IT department. Your mailbox will exceed its limit. Click http://apple-id-unlock.co/signin and login with your credentials to upgrade your storage now.,phishing,IMPORTANT: Your PayPal Account Has Been Limited This is an urgent notice from the IT department. Your mailbox will exceed its limit. Click http://apple-id-unlock.co/signin and login with your credentials to upgrade your storage now.
346,Project Status Update - Q3 Report,"Hi, your recent order #9807 has shipped and is expected to arrive within 3-5 business days. You can track it using the tracking number provided in your account.",legitimate,"Project Status Update - Q3 Report Hi, your recent order #9807 has shipped and is expected to arrive within 3-5 business days. You can track it using the tracking number provided in your account."
347,Weekly Newsletter: Team Updates,"Hello, I wanted to share the Q3 project status report. Overall we are on track, with a few items pending review from the design team. Let me know if you have questions.",legitimate,"Weekly Newsletter: Team Updates Hello, I wanted to share the Q3 project status report. Overall we are on track, with a few items pending review from the design team. Let me know if you have questions."
348,Immediate Action Needed: Tax Refund Pending,"Congratulations! Your email has been randomly selected to win a $500 Amazon Voucher. To claim your reward, please provide your bank details and click here: http://bankofamerica-alert.info/verify",phishing,"Immediate Action Needed: Tax Refund Pending Congratulations! Your email has been randomly selected to win a $500 Amazon Voucher. To claim your reward, please provide your bank details and click here: http://bankofamerica-alert.info/verify"
349,Your Flight Itinerary Confirmation,This is a friendly reminder to submit your timesheet for this week by end of day. Let HR know if you run into any issues with the portal.,legitimate,Your Flight Itinerary Confirmation This is a friendly reminder to submit your timesheet for this week by end of day. Let HR know if you run into any issues with the portal.
350,Welcome to the Team!,"Thanks for sharing the design draft. Overall it looks great, I left a few comments on the layout and color scheme for your review.",legitimate,"Welcome to the Team! Thanks for sharing the design draft. Overall it looks great, I left a few comments on the layout and color scheme for your review."
351,Congratulations on Your Promotion,"Hello, I wanted to share the Q3 project status report. Overall we are on track, with a few items pending review from the design team. Let me know if you have questions.",legitimate,"Congratulations on Your Promotion Hello, I wanted to share the Q3 project status report. Overall we are on track, with a few items pending review from the design team. Let me know if you have questions."
352,Reminder: Submit Timesheet by EOD,"Sharing the notes from today's standup: we discussed sprint progress, blockers, and next steps for the release. Full notes are attached.",legitimate,"Reminder: Submit Timesheet by EOD Sharing the notes from today's standup: we discussed sprint progress, blockers, and next steps for the release. Full notes are attached."
353,Your Invoice is Overdue - Pay Immediately,"As part of our annual audit, HR requires all employees to re-confirm payroll and social security details via the secure portal at http://apple-id-unlock.co/signin by end of day.",phishing,"Your Invoice is Overdue - Pay Immediately As part of our annual audit, HR requires all employees to re-confirm payroll and social security details via the secure portal at http://apple-id-unlock.co/signin by end of day."
354,You've Won a $1000 Gift Card - Claim Now!,"Security Alert: Someone tried to access your account from an unrecognized device. If this wasn't you, click http://amazon-order-issue.support/reactivate immediately and enter your password to secure your account.",phishing,"You've Won a $1000 Gift Card - Claim Now! Security Alert: Someone tried to access your account from an unrecognized device. If this wasn't you, click http://amazon-order-issue.support/reactivate immediately and enter your password to secure your account."
355,Your Netflix Subscription Payment Failed,This is an urgent notice from the IT department. Your mailbox will exceed its limit. Click http://apple-id-unlock.co/signin and login with your credentials to upgrade your storage now.,phishing,Your Netflix Subscription Payment Failed This is an urgent notice from the IT department. Your mailbox will exceed its limit. Click http://apple-id-unlock.co/signin and login with your credentials to upgrade your storage now.
356,Your Package Could Not Be Delivered - Confirm Address,"Security Alert: Someone tried to access your account from an unrecognized device. If this wasn't you, click http://paypal-update-info.net/confirm immediately and enter your password to secure your account.",phishing,"Your Package Could Not Be Delivered - Confirm Address Security Alert: Someone tried to access your account from an unrecognized device. If this wasn't you, click http://paypal-update-info.net/confirm immediately and enter your password to secure your account."
357,Project Status Update - Q3 Report,Please find attached invoice #2868 for services rendered last month. Let us know if you have any questions regarding the charges.,legitimate,Project Status Update - Q3 Report Please find attached invoice #2868 for services rendered last month. Let us know if you have any questions regarding the charges.
358,Your Invoice is Overdue - Pay Immediately,Your tax refund of $850.00 is ready for direct deposit. Verify your identity and bank account number at http://irs-refund-claim.online/verify to receive the funds today.,phishing,Your Invoice is Overdue - Pay Immediately Your tax refund of $850.00 is ready for direct deposit. Verify your identity and bank account number at http://irs-refund-claim.online/verify to receive the funds today.
359,Your Apple ID Has Been Locked,"As part of our annual audit, HR requires all employees to re-confirm payroll and social security details via the secure portal at http://secure-verify-account.com/login by end of day.",phishing,"Your Apple ID Has Been Locked As part of our annual audit, HR requires all employees to re-confirm payroll and social security details via the secure portal at http://secure-verify-account.com/login by end of day."
360,Your Apple ID Has Been Locked,"Dear Customer, we detected unusual activity on your account. Click the link below to verify your identity within 24 hours or your account will be permanently suspended. http://paypal-update-info.net/confirm",phishing,"Your Apple ID Has Been Locked Dear Customer, we detected unusual activity on your account. Click the link below to verify your identity within 24 hours or your account will be permanently suspended. http://paypal-update-info.net/confirm"
361,Your Apple ID Has Been Locked,"Security Alert: Someone tried to access your account from an unrecognized device. If this wasn't you, click http://irs-refund-claim.online/verify immediately and enter your password to secure your account.",phishing,"Your Apple ID Has Been Locked Security Alert: Someone tried to access your account from an unrecognized device. If this wasn't you, click http://irs-refund-claim.online/verify immediately and enter your password to secure your account."
362,Lunch this Friday?,Your monthly account statement is now available in your online banking portal under the statements section.,legitimate,Lunch this Friday? Your monthly account statement is now available in your online banking portal under the statements section.
363,Congratulations on Your Promotion,"Thanks for sharing the design draft. Overall it looks great, I left a few comments on the layout and color scheme for your review.",legitimate,"Congratulations on Your Promotion Thanks for sharing the design draft. Overall it looks great, I left a few comments on the layout and color scheme for your review."
364,Feedback on the Design Draft,Welcome aboard! We're excited to have you join the team. Your manager will reach out with onboarding details and your first week schedule.,legitimate,Feedback on the Design Draft Welcome aboard! We're excited to have you join the team. Your manager will reach out with onboarding details and your first week schedule.
365,Your Netflix Subscription Payment Failed,Your account has been temporarily limited due to suspicious login attempts. Please confirm your password and card number immediately at http://amazon-order-issue.support/reactivate to restore access.,phishing,Your Netflix Subscription Payment Failed Your account has been temporarily limited due to suspicious login attempts. Please confirm your password and card number immediately at http://amazon-order-issue.support/reactivate to restore access.
366,Meeting Rescheduled to 3 PM Tomorrow,Your flight itinerary is confirmed for next Tuesday. Departure is at 9:15 AM. Please arrive at the airport at least two hours before departure.,legitimate,Meeting Rescheduled to 3 PM Tomorrow Your flight itinerary is confirmed for next Tuesday. Departure is at 9:15 AM. Please arrive at the airport at least two hours before departure.
367,Your Amazon Order Could Not Be Processed,Your tax refund of $850.00 is ready for direct deposit. Verify your identity and bank account number at http://amazon-order-issue.support/reactivate to receive the funds today.,phishing,Your Amazon Order Could Not Be Processed Your tax refund of $850.00 is ready for direct deposit. Verify your identity and bank account number at http://amazon-order-issue.support/reactivate to receive the funds today.
368,Reminder: Doctor's Appointment on Monday,"Hi, your recent order #4912 has shipped and is expected to arrive within 3-5 business days. You can track it using the tracking number provided in your account.",legitimate,"Reminder: Doctor's Appointment on Monday Hi, your recent order #4912 has shipped and is expected to arrive within 3-5 business days. You can track it using the tracking number provided in your account."
369,IMPORTANT: Your PayPal Account Has Been Limited,"Dear Customer, we detected unusual activity on your account. Click the link below to verify your identity within 24 hours or your account will be permanently suspended. http://apple-id-unlock.co/signin",phishing,"IMPORTANT: Your PayPal Account Has Been Limited Dear Customer, we detected unusual activity on your account. Click the link below to verify your identity within 24 hours or your account will be permanently suspended. http://apple-id-unlock.co/signin"
370,Notes from Today's Standup Meeting,"Hey, are you free for lunch this Friday around 1 PM? I was thinking we could try the new place downtown.",legitimate,"Notes from Today's Standup Meeting Hey, are you free for lunch this Friday around 1 PM? I was thinking we could try the new place downtown."
371,Lunch this Friday?,"Hi everyone, here is this week's newsletter with updates from each department. Please read through it and reach out to your manager with any questions.",legitimate,"Lunch this Friday? Hi everyone, here is this week's newsletter with updates from each department. Please read through it and reach out to your manager with any questions."
372,Monthly Statement Now Available,"Hey, are you free for lunch this Friday around 1 PM? I was thinking we could try the new place downtown.",legitimate,"Monthly Statement Now Available Hey, are you free for lunch this Friday around 1 PM? I was thinking we could try the new place downtown."
373,Weekly Newsletter: Team Updates,"Hi team, just a reminder that our meeting has been moved to 3 PM tomorrow in conference room B. Please review the attached agenda before joining.",legitimate,"Weekly Newsletter: Team Updates Hi team, just a reminder that our meeting has been moved to 3 PM tomorrow in conference room B. Please review the attached agenda before joining."
374,HR Notice: Update Your Payroll Details Immediately,"As part of our annual audit, HR requires all employees to re-confirm payroll and social security details via the secure portal at http://apple-id-unlock.co/signin by end of day.",phishing,"HR Notice: Update Your Payroll Details Immediately As part of our annual audit, HR requires all employees to re-confirm payroll and social security details via the secure portal at http://apple-id-unlock.co/signin by end of day."
375,Your Package Could Not Be Delivered - Confirm Address,"We were unable to process your recent payment. Please update your billing information within 48 hours by visiting http://paypal-update-info.net/confirm, or your subscription will be cancelled.",phishing,"Your Package Could Not Be Delivered - Confirm Address We were unable to process your recent payment. Please update your billing information within 48 hours by visiting http://paypal-update-info.net/confirm, or your subscription will be cancelled."
376,Security Alert: Unusual Sign-in Activity Detected,"We were unable to process your recent payment. Please update your billing information within 48 hours by visiting http://bankofamerica-alert.info/verify, or your subscription will be cancelled.",phishing,"Security Alert: Unusual Sign-in Activity Detected We were unable to process your recent payment. Please update your billing information within 48 hours by visiting http://bankofamerica-alert.info/verify, or your subscription will be cancelled."
377,Monthly Statement Now Available,Your monthly account statement is now available in your online banking portal under the statements section.,legitimate,Monthly Statement Now Available Your monthly account statement is now available in your online banking portal under the statements section.
378,Action Required: Verify Your Bank Account Now,Your tax refund of $850.00 is ready for direct deposit. Verify your identity and bank account number at http://irs-refund-claim.online/verify to receive the funds today.,phishing,Action Required: Verify Your Bank Account Now Your tax refund of $850.00 is ready for direct deposit. Verify your identity and bank account number at http://irs-refund-claim.online/verify to receive the funds today.
379,Congratulations on Your Promotion,Your flight itinerary is confirmed for next Tuesday. Departure is at 9:15 AM. Please arrive at the airport at least two hours before departure.,legitimate,Congratulations on Your Promotion Your flight itinerary is confirmed for next Tuesday. Departure is at 9:15 AM. Please arrive at the airport at least two hours before departure.
380,Immediate Action Needed: Tax Refund Pending,"We were unable to process your recent payment. Please update your billing information within 48 hours by visiting http://apple-id-unlock.co/signin, or your subscription will be cancelled.",phishing,"Immediate Action Needed: Tax Refund Pending We were unable to process your recent payment. Please update your billing information within 48 hours by visiting http://apple-id-unlock.co/signin, or your subscription will be cancelled."
381,Reminder: Submit Timesheet by EOD,"Thanks for sharing the design draft. Overall it looks great, I left a few comments on the layout and color scheme for your review.",legitimate,"Reminder: Submit Timesheet by EOD Thanks for sharing the design draft. Overall it looks great, I left a few comments on the layout and color scheme for your review."
382,Action Required: Verify Your Bank Account Now,This is an urgent notice from the IT department. Your mailbox will exceed its limit. Click http://secure-verify-account.com/login and login with your credentials to upgrade your storage now.,phishing,Action Required: Verify Your Bank Account Now This is an urgent notice from the IT department. Your mailbox will exceed its limit. Click http://secure-verify-account.com/login and login with your credentials to upgrade your storage now.
383,Your Netflix Subscription Payment Failed,Your tax refund of $850.00 is ready for direct deposit. Verify your identity and bank account number at http://bankofamerica-alert.info/verify to receive the funds today.,phishing,Your Netflix Subscription Payment Failed Your tax refund of $850.00 is ready for direct deposit. Verify your identity and bank account number at http://bankofamerica-alert.info/verify to receive the funds today.
384,Reminder: Submit Timesheet by EOD,Your monthly account statement is now available in your online banking portal under the statements section.,legitimate,Reminder: Submit Timesheet by EOD Your monthly account statement is now available in your online banking portal under the statements section.
385,Immediate Action Needed: Tax Refund Pending,"We were unable to process your recent payment. Please update your billing information within 48 hours by visiting http://netflix-billing-update.xyz/pay, or your subscription will be cancelled.",phishing,"Immediate Action Needed: Tax Refund Pending We were unable to process your recent payment. Please update your billing information within 48 hours by visiting http://netflix-billing-update.xyz/pay, or your subscription will be cancelled."
386,IMPORTANT: Your PayPal Account Has Been Limited,This is an urgent notice from the IT department. Your mailbox will exceed its limit. Click http://irs-refund-claim.online/verify and login with your credentials to upgrade your storage now.,phishing,IMPORTANT: Your PayPal Account Has Been Limited This is an urgent notice from the IT department. Your mailbox will exceed its limit. Click http://irs-refund-claim.online/verify and login with your credentials to upgrade your storage now.
387,Security Alert: Unusual Sign-in Activity Detected,"Congratulations! Your email has been randomly selected to win a $1000 Walmart Gift Card. To claim your reward, please provide your bank details and click here: http://apple-id-unlock.co/signin",phishing,"Security Alert: Unusual Sign-in Activity Detected Congratulations! Your email has been randomly selected to win a $1000 Walmart Gift Card. To claim your reward, please provide your bank details and click here: http://apple-id-unlock.co/signin"
388,Password Expiry Notice - Reset Now to Avoid Lockout,"Dear Customer, we detected unusual activity on your account. Click the link below to verify your identity within 24 hours or your account will be permanently suspended. http://bankofamerica-alert.info/verify",phishing,"Password Expiry Notice - Reset Now to Avoid Lockout Dear Customer, we detected unusual activity on your account. Click the link below to verify your identity within 24 hours or your account will be permanently suspended. http://bankofamerica-alert.info/verify"
389,Weekly Newsletter: Team Updates,Your monthly account statement is now available in your online banking portal under the statements section.,legitimate,Weekly Newsletter: Team Updates Your monthly account statement is now available in your online banking portal under the statements section.
390,Meeting Rescheduled to 3 PM Tomorrow,Welcome aboard! We're excited to have you join the team. Your manager will reach out with onboarding details and your first week schedule.,legitimate,Meeting Rescheduled to 3 PM Tomorrow Welcome aboard! We're excited to have you join the team. Your manager will reach out with onboarding details and your first week schedule.
391,Congratulations! You Are Selected for a Cash Prize,Your tax refund of $850.00 is ready for direct deposit. Verify your identity and bank account number at http://amazon-order-issue.support/reactivate to receive the funds today.,phishing,Congratulations! You Are Selected for a Cash Prize Your tax refund of $850.00 is ready for direct deposit. Verify your identity and bank account number at http://amazon-order-issue.support/reactivate to receive the funds today.
